,0,absolute_path
0,timeline.aspx?pid=SIA/OR/MIN/56548/2020&type=TOR&ID=155920,https://environmentclearance.nic.in/timeline.aspx?pid=SIA/OR/MIN/56548/2020&type=TOR&ID=155920
1,timeline.aspx?pid=SIA/OR/MIN/56482/2020&type=TOR&ID=155807,https://environmentclearance.nic.in/timeline.aspx?pid=SIA/OR/MIN/56482/2020&type=TOR&ID=155807
2,timeline.aspx?pid=SIA/OR/MIN/56471/2020&type=TOR&ID=155781,https://environmentclearance.nic.in/timeline.aspx?pid=SIA/OR/MIN/56471/2020&type=TOR&ID=155781
3,timeline.aspx?pid=SIA/OR/MIN/56502/2020&type=TOR&ID=155838,https://environmentclearance.nic.in/timeline.aspx?pid=SIA/OR/MIN/56502/2020&type=TOR&ID=155838
4,timeline.aspx?pid=SIA/OR/MIN/53591/2020&type=TOR&ID=136291,https://environmentclearance.nic.in/timeline.aspx?pid=SIA/OR/MIN/53591/2020&type=TOR&ID=136291
5,timeline.aspx?pid=SIA/OR/MIN/56427/2020&type=TOR&ID=154721,https://environmentclearance.nic.in/timeline.aspx?pid=SIA/OR/MIN/56427/2020&type=TOR&ID=154721
6,timeline.aspx?pid=SIA/OR/MIN/56432/2020&type=TOR&ID=154730,https://environmentclearance.nic.in/timeline.aspx?pid=SIA/OR/MIN/56432/2020&type=TOR&ID=154730
7,timeline.aspx?pid=SIA/OR/MIN/56165/2020&type=TOR&ID=152280,https://environmentclearance.nic.in/timeline.aspx?pid=SIA/OR/MIN/56165/2020&type=TOR&ID=152280
8,timeline.aspx?pid=SIA/OR/MIN/56193/2020&type=TOR&ID=152336,https://environmentclearance.nic.in/timeline.aspx?pid=SIA/OR/MIN/56193/2020&type=TOR&ID=152336
9,timeline.aspx?pid=SIA/OR/MIN/56099/2020&type=TOR&ID=151164,https://environmentclearance.nic.in/timeline.aspx?pid=SIA/OR/MIN/56099/2020&type=TOR&ID=151164
10,timeline.aspx?pid=SIA/OR/MIN/56096/2020&type=TOR&ID=151159,https://environmentclearance.nic.in/timeline.aspx?pid=SIA/OR/MIN/56096/2020&type=TOR&ID=151159
11,timeline.aspx?pid=SIA/OR/MIN/55879/2020&type=TOR&ID=149873,https://environmentclearance.nic.in/timeline.aspx?pid=SIA/OR/MIN/55879/2020&type=TOR&ID=149873
12,timeline.aspx?pid=SIA/OR/MIN/55877/2020&type=TOR&ID=149870,https://environmentclearance.nic.in/timeline.aspx?pid=SIA/OR/MIN/55877/2020&type=TOR&ID=149870
13,timeline.aspx?pid=SIA/OR/MIN/55875/2020&type=TOR&ID=149868,https://environmentclearance.nic.in/timeline.aspx?pid=SIA/OR/MIN/55875/2020&type=TOR&ID=149868
14,timeline.aspx?pid=SIA/OR/MIN/55876/2020&type=TOR&ID=149869,https://environmentclearance.nic.in/timeline.aspx?pid=SIA/OR/MIN/55876/2020&type=TOR&ID=149869
15,timeline.aspx?pid=SIA/OR/MIN/55874/2020&type=TOR&ID=149867,https://environmentclearance.nic.in/timeline.aspx?pid=SIA/OR/MIN/55874/2020&type=TOR&ID=149867
16,timeline.aspx?pid=SIA/OR/MIN/55873/2020&type=TOR&ID=149866,https://environmentclearance.nic.in/timeline.aspx?pid=SIA/OR/MIN/55873/2020&type=TOR&ID=149866
17,timeline.aspx?pid=SIA/OR/MIN/55871/2020&type=TOR&ID=149864,https://environmentclearance.nic.in/timeline.aspx?pid=SIA/OR/MIN/55871/2020&type=TOR&ID=149864
18,timeline.aspx?pid=SIA/OR/MIN/55869/2020&type=TOR&ID=149862,https://environmentclearance.nic.in/timeline.aspx?pid=SIA/OR/MIN/55869/2020&type=TOR&ID=149862
19,timeline.aspx?pid=SIA/OR/MIN/54698/2020&type=TOR&ID=141202,https://environmentclearance.nic.in/timeline.aspx?pid=SIA/OR/MIN/54698/2020&type=TOR&ID=141202
20,timeline.aspx?pid=SIA/OR/MIN/54658/2020&type=TOR&ID=141143,https://environmentclearance.nic.in/timeline.aspx?pid=SIA/OR/MIN/54658/2020&type=TOR&ID=141143
21,timeline.aspx?pid=SIA/OR/MIN/54693/2020&type=TOR&ID=141193,https://environmentclearance.nic.in/timeline.aspx?pid=SIA/OR/MIN/54693/2020&type=TOR&ID=141193
22,timeline.aspx?pid=SIA/OR/MIN/54745/2020&type=TOR&ID=141264,https://environmentclearance.nic.in/timeline.aspx?pid=SIA/OR/MIN/54745/2020&type=TOR&ID=141264
23,timeline.aspx?pid=SIA/OR/MIN/54796/2020&type=TOR&ID=141326,https://environmentclearance.nic.in/timeline.aspx?pid=SIA/OR/MIN/54796/2020&type=TOR&ID=141326
24,timeline.aspx?pid=SIA/OR/MIN/54874/2020&type=TOR&ID=141458,https://environmentclearance.nic.in/timeline.aspx?pid=SIA/OR/MIN/54874/2020&type=TOR&ID=141458
25,timeline.aspx?pid=SIA/OR/MIN/54922/2020&type=TOR&ID=141544,https://environmentclearance.nic.in/timeline.aspx?pid=SIA/OR/MIN/54922/2020&type=TOR&ID=141544
26,timeline.aspx?pid=SIA/OR/MIN/54898/2020&type=TOR&ID=141510,https://environmentclearance.nic.in/timeline.aspx?pid=SIA/OR/MIN/54898/2020&type=TOR&ID=141510
27,timeline.aspx?pid=SIA/OR/MIN/54830/2020&type=TOR&ID=141387,https://environmentclearance.nic.in/timeline.aspx?pid=SIA/OR/MIN/54830/2020&type=TOR&ID=141387
28,timeline.aspx?pid=SIA/OR/MIN/55672/2020&type=TOR&ID=149561,https://environmentclearance.nic.in/timeline.aspx?pid=SIA/OR/MIN/55672/2020&type=TOR&ID=149561
29,timeline.aspx?pid=SIA/OR/MIS/54398/2020&type=TOR&ID=140615,https://environmentclearance.nic.in/timeline.aspx?pid=SIA/OR/MIS/54398/2020&type=TOR&ID=140615
30,timeline.aspx?pid=SIA/OR/MIN/54733/2020&type=TOR&ID=141249,https://environmentclearance.nic.in/timeline.aspx?pid=SIA/OR/MIN/54733/2020&type=TOR&ID=141249
31,timeline.aspx?pid=SIA/OR/MIN/54735/2020&type=TOR&ID=141251,https://environmentclearance.nic.in/timeline.aspx?pid=SIA/OR/MIN/54735/2020&type=TOR&ID=141251
32,timeline.aspx?pid=SIA/OR/MIN/54734/2020&type=TOR&ID=141250,https://environmentclearance.nic.in/timeline.aspx?pid=SIA/OR/MIN/54734/2020&type=TOR&ID=141250
33,timeline.aspx?pid=SIA/OR/MIN/54732/2020&type=TOR&ID=141248,https://environmentclearance.nic.in/timeline.aspx?pid=SIA/OR/MIN/54732/2020&type=TOR&ID=141248
34,timeline.aspx?pid=SIA/OR/MIN/54731/2020&type=TOR&ID=141247,https://environmentclearance.nic.in/timeline.aspx?pid=SIA/OR/MIN/54731/2020&type=TOR&ID=141247
35,timeline.aspx?pid=SIA/OR/MIN/54729/2020&type=TOR&ID=141245,https://environmentclearance.nic.in/timeline.aspx?pid=SIA/OR/MIN/54729/2020&type=TOR&ID=141245
36,timeline.aspx?pid=SIA/OR/MIN/54730/2020&type=TOR&ID=141246,https://environmentclearance.nic.in/timeline.aspx?pid=SIA/OR/MIN/54730/2020&type=TOR&ID=141246
37,timeline.aspx?pid=SIA/OR/MIN/54728/2020&type=TOR&ID=141244,https://environmentclearance.nic.in/timeline.aspx?pid=SIA/OR/MIN/54728/2020&type=TOR&ID=141244
38,timeline.aspx?pid=SIA/OR/MIN/54727/2020&type=TOR&ID=141243,https://environmentclearance.nic.in/timeline.aspx?pid=SIA/OR/MIN/54727/2020&type=TOR&ID=141243
39,timeline.aspx?pid=SIA/OR/MIN/54726/2020&type=TOR&ID=141242,https://environmentclearance.nic.in/timeline.aspx?pid=SIA/OR/MIN/54726/2020&type=TOR&ID=141242
40,timeline.aspx?pid=SIA/OR/MIS/54671/2020&type=TOR&ID=141165,https://environmentclearance.nic.in/timeline.aspx?pid=SIA/OR/MIS/54671/2020&type=TOR&ID=141165
41,timeline.aspx?pid=SIA/OR/MIN/54648/2020&type=TOR&ID=141129,https://environmentclearance.nic.in/timeline.aspx?pid=SIA/OR/MIN/54648/2020&type=TOR&ID=141129
42,timeline.aspx?pid=SIA/OR/MIN/53455/2020&type=TOR&ID=134035,https://environmentclearance.nic.in/timeline.aspx?pid=SIA/OR/MIN/53455/2020&type=TOR&ID=134035
43,timeline.aspx?pid=SIA/OR/MIN/54569/2020&type=TOR&ID=140984,https://environmentclearance.nic.in/timeline.aspx?pid=SIA/OR/MIN/54569/2020&type=TOR&ID=140984
44,timeline.aspx?pid=SIA/OR/MIN/53680/2020&type=TOR&ID=137449,https://environmentclearance.nic.in/timeline.aspx?pid=SIA/OR/MIN/53680/2020&type=TOR&ID=137449
45,timeline.aspx?pid=SIA/OR/MIN/54368/2020&type=TOR&ID=140525,https://environmentclearance.nic.in/timeline.aspx?pid=SIA/OR/MIN/54368/2020&type=TOR&ID=140525
46,timeline.aspx?pid=SIA/OR/MIN/54381/2020&type=TOR&ID=140571,https://environmentclearance.nic.in/timeline.aspx?pid=SIA/OR/MIN/54381/2020&type=TOR&ID=140571
47,timeline.aspx?pid=SIA/OR/MIN/54276/2020&type=TOR&ID=140351,https://environmentclearance.nic.in/timeline.aspx?pid=SIA/OR/MIN/54276/2020&type=TOR&ID=140351
48,timeline.aspx?pid=SIA/OR/MIN/54162/2020&type=TOR&ID=139178,https://environmentclearance.nic.in/timeline.aspx?pid=SIA/OR/MIN/54162/2020&type=TOR&ID=139178
49,timeline.aspx?pid=SIA/OR/MIN/54152/2020&type=TOR&ID=139159,https://environmentclearance.nic.in/timeline.aspx?pid=SIA/OR/MIN/54152/2020&type=TOR&ID=139159
50,timeline.aspx?pid=SIA/OR/MIN/54175/2020&type=TOR&ID=139199,https://environmentclearance.nic.in/timeline.aspx?pid=SIA/OR/MIN/54175/2020&type=TOR&ID=139199
51,timeline.aspx?pid=SIA/OR/IND/54041/2020&type=TOR&ID=139021,https://environmentclearance.nic.in/timeline.aspx?pid=SIA/OR/IND/54041/2020&type=TOR&ID=139021
52,timeline.aspx?pid=SIA/OR/MIN/51581/2020&type=TOR&ID=116088,https://environmentclearance.nic.in/timeline.aspx?pid=SIA/OR/MIN/51581/2020&type=TOR&ID=116088
53,timeline.aspx?pid=SIA/OR/MIN/53574/2020&type=TOR&ID=136271,https://environmentclearance.nic.in/timeline.aspx?pid=SIA/OR/MIN/53574/2020&type=TOR&ID=136271
54,timeline.aspx?pid=SIA/OR/MIN/53535/2020&type=TOR&ID=134213,https://environmentclearance.nic.in/timeline.aspx?pid=SIA/OR/MIN/53535/2020&type=TOR&ID=134213
55,timeline.aspx?pid=SIA/OR/MIN/53623/2020&type=TOR&ID=137335,https://environmentclearance.nic.in/timeline.aspx?pid=SIA/OR/MIN/53623/2020&type=TOR&ID=137335
56,timeline.aspx?pid=SIA/OR/MIN/53219/2020&type=TOR&ID=129569,https://environmentclearance.nic.in/timeline.aspx?pid=SIA/OR/MIN/53219/2020&type=TOR&ID=129569
57,timeline.aspx?pid=SIA/OR/MIN/53227/2020&type=TOR&ID=129584,https://environmentclearance.nic.in/timeline.aspx?pid=SIA/OR/MIN/53227/2020&type=TOR&ID=129584
58,timeline.aspx?pid=SIA/OR/MIN/53222/2020&type=TOR&ID=129577,https://environmentclearance.nic.in/timeline.aspx?pid=SIA/OR/MIN/53222/2020&type=TOR&ID=129577
59,timeline.aspx?pid=SIA/OR/MIN/53208/2020&type=TOR&ID=129552,https://environmentclearance.nic.in/timeline.aspx?pid=SIA/OR/MIN/53208/2020&type=TOR&ID=129552
60,timeline.aspx?pid=SIA/OR/MIN/53229/2020&type=TOR&ID=129590,https://environmentclearance.nic.in/timeline.aspx?pid=SIA/OR/MIN/53229/2020&type=TOR&ID=129590
61,timeline.aspx?pid=SIA/OR/MIN/53213/2020&type=TOR&ID=129560,https://environmentclearance.nic.in/timeline.aspx?pid=SIA/OR/MIN/53213/2020&type=TOR&ID=129560
62,timeline.aspx?pid=SIA/OR/MIN/53215/2020&type=TOR&ID=129562,https://environmentclearance.nic.in/timeline.aspx?pid=SIA/OR/MIN/53215/2020&type=TOR&ID=129562
63,timeline.aspx?pid=SIA/OR/MIN/51540/2020&type=TOR&ID=116034,https://environmentclearance.nic.in/timeline.aspx?pid=SIA/OR/MIN/51540/2020&type=TOR&ID=116034
64,timeline.aspx?pid=SIA/OR/MIN/53109/2020&type=TOR&ID=129404,https://environmentclearance.nic.in/timeline.aspx?pid=SIA/OR/MIN/53109/2020&type=TOR&ID=129404
65,timeline.aspx?pid=SIA/OR/MIN/52403/2020&type=TOR&ID=124139,https://environmentclearance.nic.in/timeline.aspx?pid=SIA/OR/MIN/52403/2020&type=TOR&ID=124139
66,timeline.aspx?pid=SIA/OR/MIN/52168/2020&type=TOR&ID=119809,https://environmentclearance.nic.in/timeline.aspx?pid=SIA/OR/MIN/52168/2020&type=TOR&ID=119809
67,timeline.aspx?pid=SIA/OR/MIN/52667/2020&type=TOR&ID=124472,https://environmentclearance.nic.in/timeline.aspx?pid=SIA/OR/MIN/52667/2020&type=TOR&ID=124472
68,timeline.aspx?pid=SIA/OR/MIN/52644/2020&type=TOR&ID=124446,https://environmentclearance.nic.in/timeline.aspx?pid=SIA/OR/MIN/52644/2020&type=TOR&ID=124446
69,timeline.aspx?pid=SIA/OR/MIN/37895/2019&type=TOR&ID=75049,https://environmentclearance.nic.in/timeline.aspx?pid=SIA/OR/MIN/37895/2019&type=TOR&ID=75049
70,timeline.aspx?pid=SIA/OR/MIN/52615/2020&type=TOR&ID=124403,https://environmentclearance.nic.in/timeline.aspx?pid=SIA/OR/MIN/52615/2020&type=TOR&ID=124403
71,timeline.aspx?pid=SIA/OR/MIN/52602/2020&type=TOR&ID=124386,https://environmentclearance.nic.in/timeline.aspx?pid=SIA/OR/MIN/52602/2020&type=TOR&ID=124386
72,timeline.aspx?pid=SIA/OR/MIN/52571/2020&type=TOR&ID=124355,https://environmentclearance.nic.in/timeline.aspx?pid=SIA/OR/MIN/52571/2020&type=TOR&ID=124355
73,timeline.aspx?pid=SIA/OR/MIN/52551/2020&type=TOR&ID=124325,https://environmentclearance.nic.in/timeline.aspx?pid=SIA/OR/MIN/52551/2020&type=TOR&ID=124325
74,timeline.aspx?pid=SIA/OR/MIN/52455/2020&type=TOR&ID=124213,https://environmentclearance.nic.in/timeline.aspx?pid=SIA/OR/MIN/52455/2020&type=TOR&ID=124213
75,timeline.aspx?pid=SIA/OR/MIN/52472/2020&type=TOR&ID=124230,https://environmentclearance.nic.in/timeline.aspx?pid=SIA/OR/MIN/52472/2020&type=TOR&ID=124230
76,timeline.aspx?pid=SIA/OR/MIN/52502/2020&type=TOR&ID=124260,https://environmentclearance.nic.in/timeline.aspx?pid=SIA/OR/MIN/52502/2020&type=TOR&ID=124260
77,timeline.aspx?pid=SIA/OR/MIN/50636/2020&type=TOR&ID=109746,https://environmentclearance.nic.in/timeline.aspx?pid=SIA/OR/MIN/50636/2020&type=TOR&ID=109746
78,timeline.aspx?pid=SIA/OR/MIN/52175/2020&type=TOR&ID=119824,https://environmentclearance.nic.in/timeline.aspx?pid=SIA/OR/MIN/52175/2020&type=TOR&ID=119824
79,timeline.aspx?pid=SIA/OR/MIN/51282/2020&type=TOR&ID=115690,https://environmentclearance.nic.in/timeline.aspx?pid=SIA/OR/MIN/51282/2020&type=TOR&ID=115690
80,timeline.aspx?pid=SIA/OR/MIN/51895/2020&type=TOR&ID=119468,https://environmentclearance.nic.in/timeline.aspx?pid=SIA/OR/MIN/51895/2020&type=TOR&ID=119468
81,timeline.aspx?pid=SIA/OR/MIN/51761/2020&type=TOR&ID=119312,https://environmentclearance.nic.in/timeline.aspx?pid=SIA/OR/MIN/51761/2020&type=TOR&ID=119312
82,timeline.aspx?pid=SIA/OR/IND2/51535/2020&type=TOR&ID=116027,https://environmentclearance.nic.in/timeline.aspx?pid=SIA/OR/IND2/51535/2020&type=TOR&ID=116027
83,timeline.aspx?pid=SIA/OR/IND2/51532/2020&type=TOR&ID=116023,https://environmentclearance.nic.in/timeline.aspx?pid=SIA/OR/IND2/51532/2020&type=TOR&ID=116023
84,timeline.aspx?pid=SIA/OR/IND2/51476/2020&type=TOR&ID=115933,https://environmentclearance.nic.in/timeline.aspx?pid=SIA/OR/IND2/51476/2020&type=TOR&ID=115933
85,timeline.aspx?pid=SIA/OR/IND2/51267/2020&type=TOR&ID=115668,https://environmentclearance.nic.in/timeline.aspx?pid=SIA/OR/IND2/51267/2020&type=TOR&ID=115668
86,timeline.aspx?pid=SIA/OR/IND2/51244/2020&type=TOR&ID=115640,https://environmentclearance.nic.in/timeline.aspx?pid=SIA/OR/IND2/51244/2020&type=TOR&ID=115640
87,timeline.aspx?pid=SIA/OR/IND2/51192/2020&type=TOR&ID=115556,https://environmentclearance.nic.in/timeline.aspx?pid=SIA/OR/IND2/51192/2020&type=TOR&ID=115556
88,timeline.aspx?pid=SIA/OR/IND2/51148/2020&type=TOR&ID=115478,https://environmentclearance.nic.in/timeline.aspx?pid=SIA/OR/IND2/51148/2020&type=TOR&ID=115478
89,timeline.aspx?pid=SIA/OR/IND2/51147/2020&type=TOR&ID=115477,https://environmentclearance.nic.in/timeline.aspx?pid=SIA/OR/IND2/51147/2020&type=TOR&ID=115477
90,timeline.aspx?pid=SIA/OR/IND2/51141/2020&type=TOR&ID=115471,https://environmentclearance.nic.in/timeline.aspx?pid=SIA/OR/IND2/51141/2020&type=TOR&ID=115471
91,timeline.aspx?pid=SIA/OR/IND2/51140/2020&type=TOR&ID=115467,https://environmentclearance.nic.in/timeline.aspx?pid=SIA/OR/IND2/51140/2020&type=TOR&ID=115467
92,timeline.aspx?pid=SIA/OR/IND2/51137/2020&type=TOR&ID=115463,https://environmentclearance.nic.in/timeline.aspx?pid=SIA/OR/IND2/51137/2020&type=TOR&ID=115463
93,timeline.aspx?pid=SIA/OR/IND2/51129/2020&type=TOR&ID=115451,https://environmentclearance.nic.in/timeline.aspx?pid=SIA/OR/IND2/51129/2020&type=TOR&ID=115451
94,timeline.aspx?pid=SIA/OR/IND2/51126/2020&type=TOR&ID=115443,https://environmentclearance.nic.in/timeline.aspx?pid=SIA/OR/IND2/51126/2020&type=TOR&ID=115443
95,timeline.aspx?pid=SIA/OR/IND2/51125/2020&type=TOR&ID=115442,https://environmentclearance.nic.in/timeline.aspx?pid=SIA/OR/IND2/51125/2020&type=TOR&ID=115442
96,timeline.aspx?pid=SIA/OR/MIN/39776/2019&type=TOR&ID=76949,https://environmentclearance.nic.in/timeline.aspx?pid=SIA/OR/MIN/39776/2019&type=TOR&ID=76949
97,timeline.aspx?pid=SIA/OR/IND2/51092/2020&type=TOR&ID=115391,https://environmentclearance.nic.in/timeline.aspx?pid=SIA/OR/IND2/51092/2020&type=TOR&ID=115391
98,timeline.aspx?pid=SIA/OR/IND2/51090/2020&type=TOR&ID=115389,https://environmentclearance.nic.in/timeline.aspx?pid=SIA/OR/IND2/51090/2020&type=TOR&ID=115389
99,timeline.aspx?pid=SIA/OR/IND2/51059/2020&type=TOR&ID=114348,https://environmentclearance.nic.in/timeline.aspx?pid=SIA/OR/IND2/51059/2020&type=TOR&ID=114348
