,0,id,absolute_path
0,state/FORM_B_PDF.aspx?cat_id=SIA/OR/IND2/25985/2018&pid=New,SIA/OR/IND2/25985/2018,https://environmentclearance.nic.in/state/FORM_B_PDF.aspx?cat_id=SIA/OR/IND2/25985/2018&pid=New
1,state/FORM_B_PDF.aspx?cat_id=SIA/OR/IND2/25982/2018&pid=New,SIA/OR/IND2/25982/2018,https://environmentclearance.nic.in/state/FORM_B_PDF.aspx?cat_id=SIA/OR/IND2/25982/2018&pid=New
2,state/FORM_B_PDF.aspx?cat_id=SIA/OR/IND2/25952/2018&pid=New,SIA/OR/IND2/25952/2018,https://environmentclearance.nic.in/state/FORM_B_PDF.aspx?cat_id=SIA/OR/IND2/25952/2018&pid=New
3,state/FORM_B_PDF.aspx?cat_id=SIA/OR/IND2/25943/2018&pid=New,SIA/OR/IND2/25943/2018,https://environmentclearance.nic.in/state/FORM_B_PDF.aspx?cat_id=SIA/OR/IND2/25943/2018&pid=New
4,state/FORM_B_PDF.aspx?cat_id=SIA/OR/IND2/25941/2018&pid=New,SIA/OR/IND2/25941/2018,https://environmentclearance.nic.in/state/FORM_B_PDF.aspx?cat_id=SIA/OR/IND2/25941/2018&pid=New
5,state/FORM_B_PDF.aspx?cat_id=SIA/OR/IND2/25925/2018&pid=New,SIA/OR/IND2/25925/2018,https://environmentclearance.nic.in/state/FORM_B_PDF.aspx?cat_id=SIA/OR/IND2/25925/2018&pid=New
6,state/FORM_B_PDF.aspx?cat_id=SIA/OR/IND2/25914/2018&pid=New,SIA/OR/IND2/25914/2018,https://environmentclearance.nic.in/state/FORM_B_PDF.aspx?cat_id=SIA/OR/IND2/25914/2018&pid=New
7,state/FORM_B_PDF.aspx?cat_id=SIA/OR/IND2/25912/2018&pid=New,SIA/OR/IND2/25912/2018,https://environmentclearance.nic.in/state/FORM_B_PDF.aspx?cat_id=SIA/OR/IND2/25912/2018&pid=New
8,state/FORM_B_PDF.aspx?cat_id=SIA/OR/IND2/25911/2018&pid=New,SIA/OR/IND2/25911/2018,https://environmentclearance.nic.in/state/FORM_B_PDF.aspx?cat_id=SIA/OR/IND2/25911/2018&pid=New
9,state/FORM_B_PDF.aspx?cat_id=SIA/OR/MIN/25803/2018&pid=New,SIA/OR/MIN/25803/2018,https://environmentclearance.nic.in/state/FORM_B_PDF.aspx?cat_id=SIA/OR/MIN/25803/2018&pid=New
10,state/FORM_B_PDF.aspx?cat_id=SIA/OR/NCP/22985/2018&pid=New,SIA/OR/NCP/22985/2018,https://environmentclearance.nic.in/state/FORM_B_PDF.aspx?cat_id=SIA/OR/NCP/22985/2018&pid=New
11,writereaddata/Formb/TOR/TOR_letter/02072020S5LO0Q7Gtor.pdf,SIA/OR/NCP/22985/2018,https://environmentclearance.nic.in/writereaddata/Formb/TOR/TOR_letter/02072020S5LO0Q7Gtor.pdf
12,state/FORM_B_PDF.aspx?cat_id=SIA/OR/IND2/25812/2018&pid=New,SIA/OR/IND2/25812/2018,https://environmentclearance.nic.in/state/FORM_B_PDF.aspx?cat_id=SIA/OR/IND2/25812/2018&pid=New
13,state/FORM_B_PDF.aspx?cat_id=SIA/OR/IND2/25625/2018&pid=New,SIA/OR/IND2/25625/2018,https://environmentclearance.nic.in/state/FORM_B_PDF.aspx?cat_id=SIA/OR/IND2/25625/2018&pid=New
14,state/FORM_B_PDF.aspx?cat_id=SIA/OR/IND2/25750/2018&pid=New,SIA/OR/IND2/25750/2018,https://environmentclearance.nic.in/state/FORM_B_PDF.aspx?cat_id=SIA/OR/IND2/25750/2018&pid=New
15,state/FORM_B_PDF.aspx?cat_id=SIA/OR/IND2/25663/2018&pid=New,SIA/OR/IND2/25663/2018,https://environmentclearance.nic.in/state/FORM_B_PDF.aspx?cat_id=SIA/OR/IND2/25663/2018&pid=New
16,state/FORM_B_PDF.aspx?cat_id=SIA/OR/IND2/25027/2018&pid=New,SIA/OR/IND2/25027/2018,https://environmentclearance.nic.in/state/FORM_B_PDF.aspx?cat_id=SIA/OR/IND2/25027/2018&pid=New
17,state/FORM_B_PDF.aspx?cat_id=SIA/OR/IND2/22302/2018&pid=New,SIA/OR/IND2/22302/2018,https://environmentclearance.nic.in/state/FORM_B_PDF.aspx?cat_id=SIA/OR/IND2/22302/2018&pid=New
18,state/FORM_B_PDF.aspx?cat_id=SIA/OR/IND2/25756/2018&pid=New,SIA/OR/IND2/25756/2018,https://environmentclearance.nic.in/state/FORM_B_PDF.aspx?cat_id=SIA/OR/IND2/25756/2018&pid=New
19,state/FORM_B_PDF.aspx?cat_id=SIA/OR/IND2/24547/2018&pid=New,SIA/OR/IND2/24547/2018,https://environmentclearance.nic.in/state/FORM_B_PDF.aspx?cat_id=SIA/OR/IND2/24547/2018&pid=New
20,state/FORM_B_PDF.aspx?cat_id=SIA/OR/IND2/25640/2018&pid=New,SIA/OR/IND2/25640/2018,https://environmentclearance.nic.in/state/FORM_B_PDF.aspx?cat_id=SIA/OR/IND2/25640/2018&pid=New
21,state/FORM_B_PDF.aspx?cat_id=SIA/OR/IND2/25639/2018&pid=New,SIA/OR/IND2/25639/2018,https://environmentclearance.nic.in/state/FORM_B_PDF.aspx?cat_id=SIA/OR/IND2/25639/2018&pid=New
22,state/FORM_B_PDF.aspx?cat_id=SIA/OR/IND2/25506/2018&pid=New,SIA/OR/IND2/25506/2018,https://environmentclearance.nic.in/state/FORM_B_PDF.aspx?cat_id=SIA/OR/IND2/25506/2018&pid=New
23,state/FORM_B_PDF.aspx?cat_id=SIA/OR/MIN/24135/2018&pid=New,SIA/OR/MIN/24135/2018,https://environmentclearance.nic.in/state/FORM_B_PDF.aspx?cat_id=SIA/OR/MIN/24135/2018&pid=New
24,state/FORM_B_PDF.aspx?cat_id=SIA/OR/MIN/25136/2018&pid=New,SIA/OR/MIN/25136/2018,https://environmentclearance.nic.in/state/FORM_B_PDF.aspx?cat_id=SIA/OR/MIN/25136/2018&pid=New
25,state/FORM_B_PDF.aspx?cat_id=SIA/OR/MIN/25120/2018&pid=New,SIA/OR/MIN/25120/2018,https://environmentclearance.nic.in/state/FORM_B_PDF.aspx?cat_id=SIA/OR/MIN/25120/2018&pid=New
26,writereaddata/Formb/TOR/TOR_letter/080820216227047025120.pdf,SIA/OR/MIN/25120/2018,https://environmentclearance.nic.in/writereaddata/Formb/TOR/TOR_letter/080820216227047025120.pdf
27,state/FORM_B_PDF.aspx?cat_id=SIA/OR/IND2/22675/2018&pid=New,SIA/OR/IND2/22675/2018,https://environmentclearance.nic.in/state/FORM_B_PDF.aspx?cat_id=SIA/OR/IND2/22675/2018&pid=New
28,writereaddata/Formb/TOR/TOR_letter/14_Jan_2021_100846590N60QSMRTECup.pdf,SIA/OR/IND2/22675/2018,https://environmentclearance.nic.in/writereaddata/Formb/TOR/TOR_letter/14_Jan_2021_100846590N60QSMRTECup.pdf
29,state/FORM_B_PDF.aspx?cat_id=SIA/OR/IND2/24096/2018&pid=New,SIA/OR/IND2/24096/2018,https://environmentclearance.nic.in/state/FORM_B_PDF.aspx?cat_id=SIA/OR/IND2/24096/2018&pid=New
30,state/FORM_B_PDF.aspx?cat_id=SIA/OR/IND2/24087/2018&pid=New,SIA/OR/IND2/24087/2018,https://environmentclearance.nic.in/state/FORM_B_PDF.aspx?cat_id=SIA/OR/IND2/24087/2018&pid=New
31,state/FORM_B_PDF.aspx?cat_id=SIA/OR/IND2/24081/2018&pid=New,SIA/OR/IND2/24081/2018,https://environmentclearance.nic.in/state/FORM_B_PDF.aspx?cat_id=SIA/OR/IND2/24081/2018&pid=New
32,state/FORM_B_PDF.aspx?cat_id=SIA/OR/IND2/22458/2018&pid=New,SIA/OR/IND2/22458/2018,https://environmentclearance.nic.in/state/FORM_B_PDF.aspx?cat_id=SIA/OR/IND2/22458/2018&pid=New
33,writereaddata/Formb/TOR/TOR_letter/04_Jan_2021_161116630YGF7BEJ322458.pdf,SIA/OR/IND2/22458/2018,https://environmentclearance.nic.in/writereaddata/Formb/TOR/TOR_letter/04_Jan_2021_161116630YGF7BEJ322458.pdf
34,state/FORM_B_PDF.aspx?cat_id=SIA/OR/IND2/23278/2018&pid=New,SIA/OR/IND2/23278/2018,https://environmentclearance.nic.in/state/FORM_B_PDF.aspx?cat_id=SIA/OR/IND2/23278/2018&pid=New
35,writereaddata/Formb/TOR/TOR_letter/02_Jan_2021_122645117W8HBJ50Q23278.pdf,SIA/OR/IND2/23278/2018,https://environmentclearance.nic.in/writereaddata/Formb/TOR/TOR_letter/02_Jan_2021_122645117W8HBJ50Q23278.pdf
36,state/FORM_B_PDF.aspx?cat_id=SIA/OR/MIN/28916/2018&pid=New,SIA/OR/MIN/28916/2018,https://environmentclearance.nic.in/state/FORM_B_PDF.aspx?cat_id=SIA/OR/MIN/28916/2018&pid=New
37,state/FORM_B_PDF.aspx?cat_id=SIA/OR/IND2/23873/2018&pid=New,SIA/OR/IND2/23873/2018,https://environmentclearance.nic.in/state/FORM_B_PDF.aspx?cat_id=SIA/OR/IND2/23873/2018&pid=New
38,state/FORM_B_PDF.aspx?cat_id=SIA/OR/IND2/23870/2018&pid=New,SIA/OR/IND2/23870/2018,https://environmentclearance.nic.in/state/FORM_B_PDF.aspx?cat_id=SIA/OR/IND2/23870/2018&pid=New
39,state/FORM_B_PDF.aspx?cat_id=SIA/OR/IND2/23868/2018&pid=New,SIA/OR/IND2/23868/2018,https://environmentclearance.nic.in/state/FORM_B_PDF.aspx?cat_id=SIA/OR/IND2/23868/2018&pid=New
40,state/FORM_B_PDF.aspx?cat_id=SIA/OR/IND2/23867/2018&pid=New,SIA/OR/IND2/23867/2018,https://environmentclearance.nic.in/state/FORM_B_PDF.aspx?cat_id=SIA/OR/IND2/23867/2018&pid=New
41,state/FORM_B_PDF.aspx?cat_id=SIA/OR/IND2/23865/2018&pid=New,SIA/OR/IND2/23865/2018,https://environmentclearance.nic.in/state/FORM_B_PDF.aspx?cat_id=SIA/OR/IND2/23865/2018&pid=New
42,state/FORM_B_PDF.aspx?cat_id=SIA/OR/IND2/23835/2018&pid=New,SIA/OR/IND2/23835/2018,https://environmentclearance.nic.in/state/FORM_B_PDF.aspx?cat_id=SIA/OR/IND2/23835/2018&pid=New
43,state/FORM_B_PDF.aspx?cat_id=SIA/OR/IND2/23834/2018&pid=New,SIA/OR/IND2/23834/2018,https://environmentclearance.nic.in/state/FORM_B_PDF.aspx?cat_id=SIA/OR/IND2/23834/2018&pid=New
44,state/FORM_B_PDF.aspx?cat_id=SIA/OR/IND2/23821/2018&pid=New,SIA/OR/IND2/23821/2018,https://environmentclearance.nic.in/state/FORM_B_PDF.aspx?cat_id=SIA/OR/IND2/23821/2018&pid=New
45,state/FORM_B_PDF.aspx?cat_id=SIA/OR/IND2/23818/2018&pid=New,SIA/OR/IND2/23818/2018,https://environmentclearance.nic.in/state/FORM_B_PDF.aspx?cat_id=SIA/OR/IND2/23818/2018&pid=New
46,state/FORM_B_PDF.aspx?cat_id=SIA/OR/MIS/22987/2018&pid=New,SIA/OR/MIS/22987/2018,https://environmentclearance.nic.in/state/FORM_B_PDF.aspx?cat_id=SIA/OR/MIS/22987/2018&pid=New
47,writereaddata/Formb/TOR/TOR_letter/08082018PDVRC2SVToR.pdf,SIA/OR/MIS/22987/2018,https://environmentclearance.nic.in/writereaddata/Formb/TOR/TOR_letter/08082018PDVRC2SVToR.pdf
48,state/FORM_B_PDF.aspx?cat_id=SIA/OR/IND2/23250/2018&pid=New,SIA/OR/IND2/23250/2018,https://environmentclearance.nic.in/state/FORM_B_PDF.aspx?cat_id=SIA/OR/IND2/23250/2018&pid=New
49,state/FORM_B_PDF.aspx?cat_id=SIA/OR/MIN/23191/2018&pid=New,SIA/OR/MIN/23191/2018,https://environmentclearance.nic.in/state/FORM_B_PDF.aspx?cat_id=SIA/OR/MIN/23191/2018&pid=New
50,state/FORM_B_PDF.aspx?cat_id=SIA/OR/MIN/23735/2018&pid=New,SIA/OR/MIN/23735/2018,https://environmentclearance.nic.in/state/FORM_B_PDF.aspx?cat_id=SIA/OR/MIN/23735/2018&pid=New
51,writereaddata/Formb/TOR/TOR_letter/12312019G9K756E7TOR.pdf,SIA/OR/MIN/23735/2018,https://environmentclearance.nic.in/writereaddata/Formb/TOR/TOR_letter/12312019G9K756E7TOR.pdf
52,state/FORM_B_PDF.aspx?cat_id=SIA/OR/NCP/23634/2018&pid=New,SIA/OR/NCP/23634/2018,https://environmentclearance.nic.in/state/FORM_B_PDF.aspx?cat_id=SIA/OR/NCP/23634/2018&pid=New
53,state/FORM_B_PDF.aspx?cat_id=SIA/OR/NCP/23686/2018&pid=New,SIA/OR/NCP/23686/2018,https://environmentclearance.nic.in/state/FORM_B_PDF.aspx?cat_id=SIA/OR/NCP/23686/2018&pid=New
54,state/FORM_B_PDF.aspx?cat_id=SIA/OR/MIN/23607/2018&pid=New,SIA/OR/MIN/23607/2018,https://environmentclearance.nic.in/state/FORM_B_PDF.aspx?cat_id=SIA/OR/MIN/23607/2018&pid=New
55,writereaddata/Formb/TOR/TOR_letter/01062020U3SQNGW4TOR.pdf,SIA/OR/MIN/23607/2018,https://environmentclearance.nic.in/writereaddata/Formb/TOR/TOR_letter/01062020U3SQNGW4TOR.pdf
56,state/FORM_B_PDF.aspx?cat_id=SIA/OR/MIN/22367/2018&pid=New,SIA/OR/MIN/22367/2018,https://environmentclearance.nic.in/state/FORM_B_PDF.aspx?cat_id=SIA/OR/MIN/22367/2018&pid=New
57,state/FORM_B_PDF.aspx?cat_id=SIA/OR/MIN/23208/2018&pid=New,SIA/OR/MIN/23208/2018,https://environmentclearance.nic.in/state/FORM_B_PDF.aspx?cat_id=SIA/OR/MIN/23208/2018&pid=New
58,state/FORM_B_PDF.aspx?cat_id=SIA/OR/MIN/23519/2018&pid=New,SIA/OR/MIN/23519/2018,https://environmentclearance.nic.in/state/FORM_B_PDF.aspx?cat_id=SIA/OR/MIN/23519/2018&pid=New
59,state/FORM_B_PDF.aspx?cat_id=SIA/OR/MIN/23514/2018&pid=New,SIA/OR/MIN/23514/2018,https://environmentclearance.nic.in/state/FORM_B_PDF.aspx?cat_id=SIA/OR/MIN/23514/2018&pid=New
60,state/FORM_B_PDF.aspx?cat_id=SIA/OR/IND2/23212/2018&pid=New,SIA/OR/IND2/23212/2018,https://environmentclearance.nic.in/state/FORM_B_PDF.aspx?cat_id=SIA/OR/IND2/23212/2018&pid=New
61,state/FORM_B_PDF.aspx?cat_id=SIA/OR/IND2/23351/2018&pid=New,SIA/OR/IND2/23351/2018,https://environmentclearance.nic.in/state/FORM_B_PDF.aspx?cat_id=SIA/OR/IND2/23351/2018&pid=New
62,state/FORM_B_PDF.aspx?cat_id=SIA/OR/IND2/23325/2018&pid=New,SIA/OR/IND2/23325/2018,https://environmentclearance.nic.in/state/FORM_B_PDF.aspx?cat_id=SIA/OR/IND2/23325/2018&pid=New
63,state/FORM_B_PDF.aspx?cat_id=SIA/OR/IND2/23324/2018&pid=New,SIA/OR/IND2/23324/2018,https://environmentclearance.nic.in/state/FORM_B_PDF.aspx?cat_id=SIA/OR/IND2/23324/2018&pid=New
64,writereaddata/Formb/TOR/TOR_letter/04_Jan_2021_161225563EKZI6NUA23324.pdf,SIA/OR/IND2/23324/2018,https://environmentclearance.nic.in/writereaddata/Formb/TOR/TOR_letter/04_Jan_2021_161225563EKZI6NUA23324.pdf
65,state/FORM_B_PDF.aspx?cat_id=SIA/OR/IND2/23313/2018&pid=New,SIA/OR/IND2/23313/2018,https://environmentclearance.nic.in/state/FORM_B_PDF.aspx?cat_id=SIA/OR/IND2/23313/2018&pid=New
66,state/FORM_B_PDF.aspx?cat_id=SIA/OR/IND2/23300/2018&pid=New,SIA/OR/IND2/23300/2018,https://environmentclearance.nic.in/state/FORM_B_PDF.aspx?cat_id=SIA/OR/IND2/23300/2018&pid=New
67,state/FORM_B_PDF.aspx?cat_id=SIA/OR/IND2/23286/2018&pid=New,SIA/OR/IND2/23286/2018,https://environmentclearance.nic.in/state/FORM_B_PDF.aspx?cat_id=SIA/OR/IND2/23286/2018&pid=New
68,state/FORM_B_PDF.aspx?cat_id=SIA/OR/IND2/23282/2018&pid=New,SIA/OR/IND2/23282/2018,https://environmentclearance.nic.in/state/FORM_B_PDF.aspx?cat_id=SIA/OR/IND2/23282/2018&pid=New
69,state/FORM_B_PDF.aspx?cat_id=SIA/OR/IND2/23272/2018&pid=New,SIA/OR/IND2/23272/2018,https://environmentclearance.nic.in/state/FORM_B_PDF.aspx?cat_id=SIA/OR/IND2/23272/2018&pid=New
70,state/FORM_B_PDF.aspx?cat_id=SIA/OR/IND2/23270/2018&pid=New,SIA/OR/IND2/23270/2018,https://environmentclearance.nic.in/state/FORM_B_PDF.aspx?cat_id=SIA/OR/IND2/23270/2018&pid=New
71,state/FORM_B_PDF.aspx?cat_id=SIA/OR/IND2/23269/2018&pid=New,SIA/OR/IND2/23269/2018,https://environmentclearance.nic.in/state/FORM_B_PDF.aspx?cat_id=SIA/OR/IND2/23269/2018&pid=New
72,state/FORM_B_PDF.aspx?cat_id=SIA/OR/IND2/23268/2018&pid=New,SIA/OR/IND2/23268/2018,https://environmentclearance.nic.in/state/FORM_B_PDF.aspx?cat_id=SIA/OR/IND2/23268/2018&pid=New
73,state/FORM_B_PDF.aspx?cat_id=SIA/OR/IND2/23260/2018&pid=New,SIA/OR/IND2/23260/2018,https://environmentclearance.nic.in/state/FORM_B_PDF.aspx?cat_id=SIA/OR/IND2/23260/2018&pid=New
74,state/FORM_B_PDF.aspx?cat_id=SIA/OR/IND2/23267/2018&pid=New,SIA/OR/IND2/23267/2018,https://environmentclearance.nic.in/state/FORM_B_PDF.aspx?cat_id=SIA/OR/IND2/23267/2018&pid=New
75,state/FORM_B_PDF.aspx?cat_id=SIA/OR/IND2/23266/2018&pid=New,SIA/OR/IND2/23266/2018,https://environmentclearance.nic.in/state/FORM_B_PDF.aspx?cat_id=SIA/OR/IND2/23266/2018&pid=New
76,state/FORM_B_PDF.aspx?cat_id=SIA/OR/IND2/23225/2018&pid=New,SIA/OR/IND2/23225/2018,https://environmentclearance.nic.in/state/FORM_B_PDF.aspx?cat_id=SIA/OR/IND2/23225/2018&pid=New
77,state/FORM_B_PDF.aspx?cat_id=SIA/OR/IND2/23265/2018&pid=New,SIA/OR/IND2/23265/2018,https://environmentclearance.nic.in/state/FORM_B_PDF.aspx?cat_id=SIA/OR/IND2/23265/2018&pid=New
78,state/FORM_B_PDF.aspx?cat_id=SIA/OR/IND2/23262/2018&pid=New,SIA/OR/IND2/23262/2018,https://environmentclearance.nic.in/state/FORM_B_PDF.aspx?cat_id=SIA/OR/IND2/23262/2018&pid=New
79,state/FORM_B_PDF.aspx?cat_id=SIA/OR/IND2/23252/2018&pid=New,SIA/OR/IND2/23252/2018,https://environmentclearance.nic.in/state/FORM_B_PDF.aspx?cat_id=SIA/OR/IND2/23252/2018&pid=New
80,state/FORM_B_PDF.aspx?cat_id=SIA/OR/IND2/23240/2018&pid=New,SIA/OR/IND2/23240/2018,https://environmentclearance.nic.in/state/FORM_B_PDF.aspx?cat_id=SIA/OR/IND2/23240/2018&pid=New
81,state/FORM_B_PDF.aspx?cat_id=SIA/OR/IND2/23162/2018&pid=New,SIA/OR/IND2/23162/2018,https://environmentclearance.nic.in/state/FORM_B_PDF.aspx?cat_id=SIA/OR/IND2/23162/2018&pid=New
82,state/FORM_B_PDF.aspx?cat_id=SIA/OR/IND2/23238/2018&pid=New,SIA/OR/IND2/23238/2018,https://environmentclearance.nic.in/state/FORM_B_PDF.aspx?cat_id=SIA/OR/IND2/23238/2018&pid=New
83,state/FORM_B_PDF.aspx?cat_id=SIA/OR/IND2/23236/2018&pid=New,SIA/OR/IND2/23236/2018,https://environmentclearance.nic.in/state/FORM_B_PDF.aspx?cat_id=SIA/OR/IND2/23236/2018&pid=New
84,state/FORM_B_PDF.aspx?cat_id=SIA/OR/IND2/23232/2018&pid=New,SIA/OR/IND2/23232/2018,https://environmentclearance.nic.in/state/FORM_B_PDF.aspx?cat_id=SIA/OR/IND2/23232/2018&pid=New
85,state/FORM_B_PDF.aspx?cat_id=SIA/OR/IND2/23226/2018&pid=New,SIA/OR/IND2/23226/2018,https://environmentclearance.nic.in/state/FORM_B_PDF.aspx?cat_id=SIA/OR/IND2/23226/2018&pid=New
86,state/FORM_B_PDF.aspx?cat_id=SIA/OR/IND2/23221/2018&pid=New,SIA/OR/IND2/23221/2018,https://environmentclearance.nic.in/state/FORM_B_PDF.aspx?cat_id=SIA/OR/IND2/23221/2018&pid=New
87,state/FORM_B_PDF.aspx?cat_id=SIA/OR/IND2/23220/2018&pid=New,SIA/OR/IND2/23220/2018,https://environmentclearance.nic.in/state/FORM_B_PDF.aspx?cat_id=SIA/OR/IND2/23220/2018&pid=New
88,state/FORM_B_PDF.aspx?cat_id=SIA/OR/IND2/23219/2018&pid=New,SIA/OR/IND2/23219/2018,https://environmentclearance.nic.in/state/FORM_B_PDF.aspx?cat_id=SIA/OR/IND2/23219/2018&pid=New
89,state/FORM_B_PDF.aspx?cat_id=SIA/OR/IND2/23216/2018&pid=New,SIA/OR/IND2/23216/2018,https://environmentclearance.nic.in/state/FORM_B_PDF.aspx?cat_id=SIA/OR/IND2/23216/2018&pid=New
90,state/FORM_B_PDF.aspx?cat_id=SIA/OR/IND2/23211/2018&pid=New,SIA/OR/IND2/23211/2018,https://environmentclearance.nic.in/state/FORM_B_PDF.aspx?cat_id=SIA/OR/IND2/23211/2018&pid=New
91,state/FORM_B_PDF.aspx?cat_id=SIA/OR/IND2/23198/2018&pid=New,SIA/OR/IND2/23198/2018,https://environmentclearance.nic.in/state/FORM_B_PDF.aspx?cat_id=SIA/OR/IND2/23198/2018&pid=New
92,state/FORM_B_PDF.aspx?cat_id=SIA/OR/IND2/23182/2018&pid=New,SIA/OR/IND2/23182/2018,https://environmentclearance.nic.in/state/FORM_B_PDF.aspx?cat_id=SIA/OR/IND2/23182/2018&pid=New
93,state/FORM_B_PDF.aspx?cat_id=SIA/OR/IND2/23178/2018&pid=New,SIA/OR/IND2/23178/2018,https://environmentclearance.nic.in/state/FORM_B_PDF.aspx?cat_id=SIA/OR/IND2/23178/2018&pid=New
94,state/FORM_B_PDF.aspx?cat_id=SIA/OR/IND2/23170/2018&pid=New,SIA/OR/IND2/23170/2018,https://environmentclearance.nic.in/state/FORM_B_PDF.aspx?cat_id=SIA/OR/IND2/23170/2018&pid=New
95,state/FORM_B_PDF.aspx?cat_id=SIA/OR/IND2/23168/2018&pid=New,SIA/OR/IND2/23168/2018,https://environmentclearance.nic.in/state/FORM_B_PDF.aspx?cat_id=SIA/OR/IND2/23168/2018&pid=New
96,state/FORM_B_PDF.aspx?cat_id=SIA/OR/IND2/23167/2018&pid=New,SIA/OR/IND2/23167/2018,https://environmentclearance.nic.in/state/FORM_B_PDF.aspx?cat_id=SIA/OR/IND2/23167/2018&pid=New
97,state/FORM_B_PDF.aspx?cat_id=SIA/OR/IND2/23166/2018&pid=New,SIA/OR/IND2/23166/2018,https://environmentclearance.nic.in/state/FORM_B_PDF.aspx?cat_id=SIA/OR/IND2/23166/2018&pid=New
98,state/FORM_B_PDF.aspx?cat_id=SIA/OR/IND2/23165/2018&pid=New,SIA/OR/IND2/23165/2018,https://environmentclearance.nic.in/state/FORM_B_PDF.aspx?cat_id=SIA/OR/IND2/23165/2018&pid=New
99,state/FORM_B_PDF.aspx?cat_id=SIA/OR/IND2/23164/2018&pid=New,SIA/OR/IND2/23164/2018,https://environmentclearance.nic.in/state/FORM_B_PDF.aspx?cat_id=SIA/OR/IND2/23164/2018&pid=New
100,state/FORM_B_PDF.aspx?cat_id=SIA/OR/IND2/23163/2018&pid=New,SIA/OR/IND2/23163/2018,https://environmentclearance.nic.in/state/FORM_B_PDF.aspx?cat_id=SIA/OR/IND2/23163/2018&pid=New
101,state/FORM_B_PDF.aspx?cat_id=SIA/OR/IND2/23161/2018&pid=New,SIA/OR/IND2/23161/2018,https://environmentclearance.nic.in/state/FORM_B_PDF.aspx?cat_id=SIA/OR/IND2/23161/2018&pid=New
102,state/FORM_B_PDF.aspx?cat_id=SIA/OR/IND2/23160/2018&pid=New,SIA/OR/IND2/23160/2018,https://environmentclearance.nic.in/state/FORM_B_PDF.aspx?cat_id=SIA/OR/IND2/23160/2018&pid=New
103,state/FORM_B_PDF.aspx?cat_id=SIA/OR/IND2/23159/2018&pid=New,SIA/OR/IND2/23159/2018,https://environmentclearance.nic.in/state/FORM_B_PDF.aspx?cat_id=SIA/OR/IND2/23159/2018&pid=New
104,state/FORM_B_PDF.aspx?cat_id=SIA/OR/IND2/23158/2018&pid=New,SIA/OR/IND2/23158/2018,https://environmentclearance.nic.in/state/FORM_B_PDF.aspx?cat_id=SIA/OR/IND2/23158/2018&pid=New
105,state/FORM_B_PDF.aspx?cat_id=SIA/OR/IND2/23156/2018&pid=New,SIA/OR/IND2/23156/2018,https://environmentclearance.nic.in/state/FORM_B_PDF.aspx?cat_id=SIA/OR/IND2/23156/2018&pid=New
106,state/FORM_B_PDF.aspx?cat_id=SIA/OR/IND2/23143/2018&pid=New,SIA/OR/IND2/23143/2018,https://environmentclearance.nic.in/state/FORM_B_PDF.aspx?cat_id=SIA/OR/IND2/23143/2018&pid=New
107,state/FORM_B_PDF.aspx?cat_id=SIA/OR/IND2/23139/2018&pid=New,SIA/OR/IND2/23139/2018,https://environmentclearance.nic.in/state/FORM_B_PDF.aspx?cat_id=SIA/OR/IND2/23139/2018&pid=New
108,state/FORM_B_PDF.aspx?cat_id=SIA/OR/IND2/23132/2018&pid=New,SIA/OR/IND2/23132/2018,https://environmentclearance.nic.in/state/FORM_B_PDF.aspx?cat_id=SIA/OR/IND2/23132/2018&pid=New
109,writereaddata/Formb/TOR/TOR_letter/12312019DYRO9HAGEC.pdf,SIA/OR/IND2/23132/2018,https://environmentclearance.nic.in/writereaddata/Formb/TOR/TOR_letter/12312019DYRO9HAGEC.pdf
