Unnamed: 0,Proposal.No.,Name of the project(s),Name of the Company,Registered Address,Legal Status of Company,Name of the Applicant,Designation,Address,Pincode,Email,Telephone,Major Project/Activity,Minor Project/Activity,Project Category,Proposal Number,Master Proposal Number,EAC concerned Project Authority,Project Type,Plot/Survey/Khasra No.,Pincode.1,From N Degrees,From N Mins,From N Secs,To N Degrees,To N Mins,To N Secs,From E Degrees,From E Mins,From E Secs,To E Degrees,To E Mins,To E Secs,SOI/Topo Sheet No.,AMSL,Nearest HFL,Seismic Zone,State,District,Tehsil,Village,KML
87,SIA/OR/MIN/21544/2014,,,,,,,,,,,,,,,,,,,,,,,,,,,,,,,,,,,,,,,,
73,SIA/OR/MIN/75556/2018,,,,,,,,,,,,,,,,,,,,,,,,,,,,,,,,,,,,,,,,
74,SIA/OR/MIN/406063/2022,,,,,,,,,,,,,,,,,,,,,,,,,,,,,,,,,,,,,,,,
75,SIA/OR/MIN/37847/2016,,,,,,,,,,,,,,,,,,,,,,,,,,,,,,,,,,,,,,,,
76,SIA/OR/MIN/53181/2016,,,,,,,,,,,,,,,,,,,,,,,,,,,,,,,,,,,,,,,,
77,SIA/OR/MIN/37821/2016,,,,,,,,,,,,,,,,,,,,,,,,,,,,,,,,,,,,,,,,
78,SIA/OR/MIN/415379/2023,,,,,,,,,,,,,,,,,,,,,,,,,,,,,,,,,,,,,,,,
79,SIA/OR/MIN/71162/2017,,,,,,,,,,,,,,,,,,,,,,,,,,,,,,,,,,,,,,,,
14,SIA/OR/MIN/41110/2016,,,,,,,,,,,,,,,,,,,,,,,,,,,,,,,,,,,,,,,,
15,SIA/OR/MIN/410938/2022,,,,,,,,,,,,,,,,,,,,,,,,,,,,,,,,,,,,,,,,
16,SIA/OR/MIN/404896/2022,,,,,,,,,,,,,,,,,,,,,,,,,,,,,,,,,,,,,,,,
17,SIA/OR/MIN/75318/2018,,,,,,,,,,,,,,,,,,,,,,,,,,,,,,,,,,,,,,,,
18,SIA/OR/IND2/22470/2018,,,,,,,,,,,,,,,,,,,,,,,,,,,,,,,,,,,,,,,,
19,SIA/OR/MIN/57560/2016,,,,,,,,,,,,,,,,,,,,,,,,,,,,,,,,,,,,,,,,
53,SIA/OR/MIN/38989/2016,,,,,,,,,,,,,,,,,,,,,,,,,,,,,,,,,,,,,,,,
54,SIA/OR/MIN/64253/2017,,,,,,,,,,,,,,,,,,,,,,,,,,,,,,,,,,,,,,,,
55,SIA/OR/MIN/417345/2023,,,,,,,,,,,,,,,,,,,,,,,,,,,,,,,,,,,,,,,,
56,SIA/OR/IND1/416084/2023,,,,,,,,,,,,,,,,,,,,,,,,,,,,,,,,,,,,,,,,
83,SIA/OR/IND2/28843/2018,,,,,,,,,,,,,,,,,,,,,,,,,,,,,,,,,,,,,,,,
84,SIA/OR/MIN/405270/2022,,,,,,,,,,,,,,,,,,,,,,,,,,,,,,,,,,,,,,,,
97,SIA/OR/MIS/30609/2017,,,,,,,,,,,,,,,,,,,,,,,,,,,,,,,,,,,,,,,,
98,SIA/OR/IND2/22578/2018,,,,,,,,,,,,,,,,,,,,,,,,,,,,,,,,,,,,,,,,
99,SIA/OR/MIN/403548/2022,,,,,,,,,,,,,,,,,,,,,,,,,,,,,,,,,,,,,,,,
4,SIA/OR/IND2/22646/2018,,,,,,,,,,,,,,,,,,,,,,,,,,,,,,,,,,,,,,,,
5,SIA/OR/MIN/406640/2022,,,,,,,,,,,,,,,,,,,,,,,,,,,,,,,,,,,,,,,,
6,SIA/OR/NCP/61411/2016,,,,,,,,,,,,,,,,,,,,,,,,,,,,,,,,,,,,,,,,
7,SIA/OR/MIN/67421/2017,,,,,,,,,,,,,,,,,,,,,,,,,,,,,,,,,,,,,,,,
8,SIA/OR/MIN/425949/2023,,,,,,,,,,,,,,,,,,,,,,,,,,,,,,,,,,,,,,,,
9,SIA/OR/MIN/42359/2016,,,,,,,,,,,,,,,,,,,,,,,,,,,,,,,,,,,,,,,,
10,SIA/OR/MIN/428356/2023,,,,,,,,,,,,,,,,,,,,,,,,,,,,,,,,,,,,,,,,
13,SIA/OR/IND2/22717/2018,,,,,,,,,,,,,,,,,,,,,,,,,,,,,,,,,,,,,,,,
14,SIA/OR/MIN/39341/2016,,,,,,,,,,,,,,,,,,,,,,,,,,,,,,,,,,,,,,,,
15,SIA/OR/MIN/51114/2016,,,,,,,,,,,,,,,,,,,,,,,,,,,,,,,,,,,,,,,,
16,SIA/OR/IND2/20822/2017,,,,,,,,,,,,,,,,,,,,,,,,,,,,,,,,,,,,,,,,
17,SIA/OR/IND2/22668/2018,,,,,,,,,,,,,,,,,,,,,,,,,,,,,,,,,,,,,,,,
18,SIA/OR/MIN/69767/2017,,,,,,,,,,,,,,,,,,,,,,,,,,,,,,,,,,,,,,,,
19,SIA/OR/MIN/411802/2022,,,,,,,,,,,,,,,,,,,,,,,,,,,,,,,,,,,,,,,,
20,SIA/OR/INFRA2/421228/2023,,,,,,,,,,,,,,,,,,,,,,,,,,,,,,,,,,,,,,,,
21,SIA/OR/IND2/22712/2018,,,,,,,,,,,,,,,,,,,,,,,,,,,,,,,,,,,,,,,,
22,SIA/OR/MIN/41050/2016,,,,,,,,,,,,,,,,,,,,,,,,,,,,,,,,,,,,,,,,
24,SIA/OR/MIN/49903/2016,,,,,,,,,,,,,,,,,,,,,,,,,,,,,,,,,,,,,,,,
25,SIA/OR/IND2/22154/2018,,,,,,,,,,,,,,,,,,,,,,,,,,,,,,,,,,,,,,,,
26,SIA/OR/IND2/22635/2018,,,,,,,,,,,,,,,,,,,,,,,,,,,,,,,,,,,,,,,,
27,SIA/OR/IND2/23139/2018,,,,,,,,,,,,,,,,,,,,,,,,,,,,,,,,,,,,,,,,
28,SIA/OR/MIN/49888/2016,,,,,,,,,,,,,,,,,,,,,,,,,,,,,,,,,,,,,,,,
29,SIA/OR/MIN/52830/2016,,,,,,,,,,,,,,,,,,,,,,,,,,,,,,,,,,,,,,,,
30,SIA/OR/MIN/73217/2018,,,,,,,,,,,,,,,,,,,,,,,,,,,,,,,,,,,,,,,,
31,SIA/OR/MIN/404229/2022,,,,,,,,,,,,,,,,,,,,,,,,,,,,,,,,,,,,,,,,
32,SIA/OR/MIN/48700/2016,,,,,,,,,,,,,,,,,,,,,,,,,,,,,,,,,,,,,,,,
33,SIA/OR/MIN/72113/2018,,,,,,,,,,,,,,,,,,,,,,,,,,,,,,,,,,,,,,,,
34,SIA/OR/MIN/404638/2022,,,,,,,,,,,,,,,,,,,,,,,,,,,,,,,,,,,,,,,,
35,SIA/OR/MIN/50626/2016,,,,,,,,,,,,,,,,,,,,,,,,,,,,,,,,,,,,,,,,
59,SIA/OR/MIN/427423/2023,,,,,,,,,,,,,,,,,,,,,,,,,,,,,,,,,,,,,,,,
60,SIA/OR/MIN/425438/2023,,,,,,,,,,,,,,,,,,,,,,,,,,,,,,,,,,,,,,,,
67,SIA/OR/MIN/414239/2023,,,,,,,,,,,,,,,,,,,,,,,,,,,,,,,,,,,,,,,,
68,SIA/OR/MIN/414999/2023,,,,,,,,,,,,,,,,,,,,,,,,,,,,,,,,,,,,,,,,
69,SIA/OR/MIN/50539/2016,,,,,,,,,,,,,,,,,,,,,,,,,,,,,,,,,,,,,,,,
70,SIA/OR/MIN/405289/2022,,,,,,,,,,,,,,,,,,,,,,,,,,,,,,,,,,,,,,,,
71,SIA/OR/IND2/22132/2018,,,,,,,,,,,,,,,,,,,,,,,,,,,,,,,,,,,,,,,,
72,SIA/OR/IND2/21874/2018,,,,,,,,,,,,,,,,,,,,,,,,,,,,,,,,,,,,,,,,
73,SIA/OR/MIN/404049/2022,,,,,,,,,,,,,,,,,,,,,,,,,,,,,,,,,,,,,,,,
74,SIA/OR/IND2/20959/2017,,,,,,,,,,,,,,,,,,,,,,,,,,,,,,,,,,,,,,,,
75,SIA/OR/MIN/411163/2023,,,,,,,,,,,,,,,,,,,,,,,,,,,,,,,,,,,,,,,,
76,SIA/OR/IND2/20960/2017,,,,,,,,,,,,,,,,,,,,,,,,,,,,,,,,,,,,,,,,
77,SIA/OR/MIN/41171/2016,,,,,,,,,,,,,,,,,,,,,,,,,,,,,,,,,,,,,,,,
78,SIA/OR/IND2/21204/2017,,,,,,,,,,,,,,,,,,,,,,,,,,,,,,,,,,,,,,,,
79,SIA/OR/MIN/404045/2022,,,,,,,,,,,,,,,,,,,,,,,,,,,,,,,,,,,,,,,,
80,SIA/OR/IND2/27931/2018,,,,,,,,,,,,,,,,,,,,,,,,,,,,,,,,,,,,,,,,
81,SIA/OR/MIN/41293/2016,,,,,,,,,,,,,,,,,,,,,,,,,,,,,,,,,,,,,,,,
82,SIA/OR/MIN/419203/2023,,,,,,,,,,,,,,,,,,,,,,,,,,,,,,,,,,,,,,,,
89,SIA/OR/MIN/70823/2017,,,,,,,,,,,,,,,,,,,,,,,,,,,,,,,,,,,,,,,,
90,SIA/OR/IND2/21713/2018,,,,,,,,,,,,,,,,,,,,,,,,,,,,,,,,,,,,,,,,
91,SIA/OR/MIN/42364/2016,,,,,,,,,,,,,,,,,,,,,,,,,,,,,,,,,,,,,,,,
94,SIA/OR/IND2/22700/2018,,,,,,,,,,,,,,,,,,,,,,,,,,,,,,,,,,,,,,,,
95,SIA/OR/INFRA2/419536/2023,,,,,,,,,,,,,,,,,,,,,,,,,,,,,,,,,,,,,,,,
96,SIA/OR/IND2/22221/2018,,,,,,,,,,,,,,,,,,,,,,,,,,,,,,,,,,,,,,,,
97,SIA/OR/MIN/41246/2016,,,,,,,,,,,,,,,,,,,,,,,,,,,,,,,,,,,,,,,,
98,SIA/OR/IND2/23219/2018,,,,,,,,,,,,,,,,,,,,,,,,,,,,,,,,,,,,,,,,
99,SIA/OR/MIN/403266/2022,,,,,,,,,,,,,,,,,,,,,,,,,,,,,,,,,,,,,,,,
100,SIA/OR/INFRA2/401840/2022,,,,,,,,,,,,,,,,,,,,,,,,,,,,,,,,,,,,,,,,
101,SIA/OR/MIN/50689/2016,,,,,,,,,,,,,,,,,,,,,,,,,,,,,,,,,,,,,,,,
102,SIA/OR/MIN/52563/2016,,,,,,,,,,,,,,,,,,,,,,,,,,,,,,,,,,,,,,,,
103,SIA/OR/MIN/48701/2016,,,,,,,,,,,,,,,,,,,,,,,,,,,,,,,,,,,,,,,,
107,SIA/OR/MIN/38638/2016,,,,,,,,,,,,,,,,,,,,,,,,,,,,,,,,,,,,,,,,
108,SIA/OR/MIN/41768/2016,,,,,,,,,,,,,,,,,,,,,,,,,,,,,,,,,,,,,,,,
109,SIA/OR/MIN/405921/2022,,,,,,,,,,,,,,,,,,,,,,,,,,,,,,,,,,,,,,,,
117,SIA/OR/MIN/416477/2023,,,,,,,,,,,,,,,,,,,,,,,,,,,,,,,,,,,,,,,,
122,SIA/OR/IND2/22689/2018,,,,,,,,,,,,,,,,,,,,,,,,,,,,,,,,,,,,,,,,
123,SIA/OR/IND2/22119/2018,,,,,,,,,,,,,,,,,,,,,,,,,,,,,,,,,,,,,,,,
124,SIA/OR/MIN/67015/2017,,,,,,,,,,,,,,,,,,,,,,,,,,,,,,,,,,,,,,,,
125,SIA/OR/MIN/42372/2016,,,,,,,,,,,,,,,,,,,,,,,,,,,,,,,,,,,,,,,,
126,SIA/OR/MIN/429091/2023,,,,,,,,,,,,,,,,,,,,,,,,,,,,,,,,,,,,,,,,
127,SIA/OR/MIN/66101/2017,,,,,,,,,,,,,,,,,,,,,,,,,,,,,,,,,,,,,,,,
128,SIA/OR/MIN/403928/2022,,,,,,,,,,,,,,,,,,,,,,,,,,,,,,,,,,,,,,,,
130,SIA/OR/MIN/406199/2022,,,,,,,,,,,,,,,,,,,,,,,,,,,,,,,,,,,,,,,,
132,SIA/OR/MIN/53063/2016,,,,,,,,,,,,,,,,,,,,,,,,,,,,,,,,,,,,,,,,
133,SIA/OR/MIN/91435/2019,,,,,,,,,,,,,,,,,,,,,,,,,,,,,,,,,,,,,,,,
134,SIA/OR/MIN/50937/2016,,,,,,,,,,,,,,,,,,,,,,,,,,,,,,,,,,,,,,,,
135,SIA/OR/MIN/403597/2022,,,,,,,,,,,,,,,,,,,,,,,,,,,,,,,,,,,,,,,,
136,SIA/OR/MIN/415329/2023,,,,,,,,,,,,,,,,,,,,,,,,,,,,,,,,,,,,,,,,
137,SIA/OR/IND2/72543/2018,,,,,,,,,,,,,,,,,,,,,,,,,,,,,,,,,,,,,,,,
138,SIA/OR/MIN/423806/2023,,,,,,,,,,,,,,,,,,,,,,,,,,,,,,,,,,,,,,,,
139,SIA/OR/MIN/39814/2016,,,,,,,,,,,,,,,,,,,,,,,,,,,,,,,,,,,,,,,,
140,SIA/OR/IND2/26127/2018,,,,,,,,,,,,,,,,,,,,,,,,,,,,,,,,,,,,,,,,
141,SIA/OR/MIN/37820/2016,,,,,,,,,,,,,,,,,,,,,,,,,,,,,,,,,,,,,,,,
143,SIA/OR/MIN/19640/2017,,,,,,,,,,,,,,,,,,,,,,,,,,,,,,,,,,,,,,,,
144,SIA/OR/MIN/23191/2018,,,,,,,,,,,,,,,,,,,,,,,,,,,,,,,,,,,,,,,,
145,SIA/OR/IND/61592/2017,,,,,,,,,,,,,,,,,,,,,,,,,,,,,,,,,,,,,,,,
146,SIA/OR/IND2/22715/2018,,,,,,,,,,,,,,,,,,,,,,,,,,,,,,,,,,,,,,,,
147,SIA/OR/MIN/37829/2016,,,,,,,,,,,,,,,,,,,,,,,,,,,,,,,,,,,,,,,,
148,SIA/OR/MIN/61920/2017,,,,,,,,,,,,,,,,,,,,,,,,,,,,,,,,,,,,,,,,
149,SIA/OR/MIN/425349/2023,,,,,,,,,,,,,,,,,,,,,,,,,,,,,,,,,,,,,,,,
150,SIA/OR/MIN/423758/2023,,,,,,,,,,,,,,,,,,,,,,,,,,,,,,,,,,,,,,,,
151,SIA/OR/IND2/21782/2018,,,,,,,,,,,,,,,,,,,,,,,,,,,,,,,,,,,,,,,,
152,SIA/OR/MIN/413007/2023,,,,,,,,,,,,,,,,,,,,,,,,,,,,,,,,,,,,,,,,
153,SIA/OR/MIN/39153/2016,,,,,,,,,,,,,,,,,,,,,,,,,,,,,,,,,,,,,,,,
154,SIA/OR/MIN/417555/2023,,,,,,,,,,,,,,,,,,,,,,,,,,,,,,,,,,,,,,,,
155,SIA/OR/MIN/38645/2016,,,,,,,,,,,,,,,,,,,,,,,,,,,,,,,,,,,,,,,,
156,SIA/OR/MIN/63225/2017,,,,,,,,,,,,,,,,,,,,,,,,,,,,,,,,,,,,,,,,
157,SIA/OR/MIN/427240/2023,,,,,,,,,,,,,,,,,,,,,,,,,,,,,,,,,,,,,,,,
158,SIA/OR/MIN/59287/2016,,,,,,,,,,,,,,,,,,,,,,,,,,,,,,,,,,,,,,,,
159,SIA/OR/IND2/20961/2017,,,,,,,,,,,,,,,,,,,,,,,,,,,,,,,,,,,,,,,,
160,SIA/OR/IND2/23868/2018,,,,,,,,,,,,,,,,,,,,,,,,,,,,,,,,,,,,,,,,
2,SIA/OR/MIN/404283/2022,,,,,,,,,,,,,,,,,,,,,,,,,,,,,,,,,,,,,,,,
3,SIA/OR/IND/26143/2017,,,,,,,,,,,,,,,,,,,,,,,,,,,,,,,,,,,,,,,,
4,SIA/OR/MIN/418748/2023,,,,,,,,,,,,,,,,,,,,,,,,,,,,,,,,,,,,,,,,
5,SIA/OR/MIN/11314/2016,,,,,,,,,,,,,,,,,,,,,,,,,,,,,,,,,,,,,,,,
6,SIA/OR/MIN/420418/2023,,,,,,,,,,,,,,,,,,,,,,,,,,,,,,,,,,,,,,,,
7,SIA/OR/MIN/48844/2016,,,,,,,,,,,,,,,,,,,,,,,,,,,,,,,,,,,,,,,,
8,SIA/OR/IND2/72553/2018,,,,,,,,,,,,,,,,,,,,,,,,,,,,,,,,,,,,,,,,
9,SIA/OR/MIN/38944/2016,,,,,,,,,,,,,,,,,,,,,,,,,,,,,,,,,,,,,,,,
10,SIA/OR/MIN/22028/2018,,,,,,,,,,,,,,,,,,,,,,,,,,,,,,,,,,,,,,,,
11,SIA/OR/IND2/26033/2018,,,,,,,,,,,,,,,,,,,,,,,,,,,,,,,,,,,,,,,,
12,SIA/OR/IND2/21930/2018,,,,,,,,,,,,,,,,,,,,,,,,,,,,,,,,,,,,,,,,
13,SIA/OR/MIN/41037/2016,,,,,,,,,,,,,,,,,,,,,,,,,,,,,,,,,,,,,,,,
14,SIA/OR/MIN/48131/2016,,,,,,,,,,,,,,,,,,,,,,,,,,,,,,,,,,,,,,,,
15,SIA/OR/MIN/48841/2016,,,,,,,,,,,,,,,,,,,,,,,,,,,,,,,,,,,,,,,,
16,SIA/OR/MIN/414044/2023,,,,,,,,,,,,,,,,,,,,,,,,,,,,,,,,,,,,,,,,
17,SIA/OR/MIN/66095/2017,,,,,,,,,,,,,,,,,,,,,,,,,,,,,,,,,,,,,,,,
18,SIA/OR/MIN/41507/2016,,,,,,,,,,,,,,,,,,,,,,,,,,,,,,,,,,,,,,,,
19,SIA/OR/MIN/24562/2013,,,,,,,,,,,,,,,,,,,,,,,,,,,,,,,,,,,,,,,,
20,SIA/OR/MIN/53335/2016,,,,,,,,,,,,,,,,,,,,,,,,,,,,,,,,,,,,,,,,
21,SIA/OR/MIN/30153/2015,,,,,,,,,,,,,,,,,,,,,,,,,,,,,,,,,,,,,,,,
22,SIA/OR/IND2/22682/2018,,,,,,,,,,,,,,,,,,,,,,,,,,,,,,,,,,,,,,,,
23,SIA/OR/MIN/50687/2016,,,,,,,,,,,,,,,,,,,,,,,,,,,,,,,,,,,,,,,,
24,SIA/OR/IND2/29039/2018,,,,,,,,,,,,,,,,,,,,,,,,,,,,,,,,,,,,,,,,
25,SIA/OR/MIN/65547/2017,,,,,,,,,,,,,,,,,,,,,,,,,,,,,,,,,,,,,,,,
26,SIA/OR/MIS/30182/2015,,,,,,,,,,,,,,,,,,,,,,,,,,,,,,,,,,,,,,,,
27,SIA/OR/IND2/22684/2018,,,,,,,,,,,,,,,,,,,,,,,,,,,,,,,,,,,,,,,,
28,SIA/OR/MIN/20016/2017,,,,,,,,,,,,,,,,,,,,,,,,,,,,,,,,,,,,,,,,
29,SIA/OR/IND2/23159/2018,,,,,,,,,,,,,,,,,,,,,,,,,,,,,,,,,,,,,,,,
30,SIA/OR/MIN/58090/2016,,,,,,,,,,,,,,,,,,,,,,,,,,,,,,,,,,,,,,,,
31,SIA/OR/NCP/18067/2016,,,,,,,,,,,,,,,,,,,,,,,,,,,,,,,,,,,,,,,,
32,SIA/OR/MIN/420617/2023,,,,,,,,,,,,,,,,,,,,,,,,,,,,,,,,,,,,,,,,
33,SIA/OR/MIN/50685/2016,,,,,,,,,,,,,,,,,,,,,,,,,,,,,,,,,,,,,,,,
34,SIA/OR/MIN/60361/2016,,,,,,,,,,,,,,,,,,,,,,,,,,,,,,,,,,,,,,,,
46,SIA/OR/IND2/27898/2018,,,,,,,,,,,,,,,,,,,,,,,,,,,,,,,,,,,,,,,,
47,SIA/OR/MIN/50691/2016,,,,,,,,,,,,,,,,,,,,,,,,,,,,,,,,,,,,,,,,
48,SIA/OR/MIN/407314/2022,,,,,,,,,,,,,,,,,,,,,,,,,,,,,,,,,,,,,,,,
49,SIA/OR/MIN/49301/2016,,,,,,,,,,,,,,,,,,,,,,,,,,,,,,,,,,,,,,,,
50,SIA/OR/MIN/52241/2016,,,,,,,,,,,,,,,,,,,,,,,,,,,,,,,,,,,,,,,,
51,SIA/OR/NCP/27747/2017,,,,,,,,,,,,,,,,,,,,,,,,,,,,,,,,,,,,,,,,
52,SIA/OR/MIN/61783/2017,,,,,,,,,,,,,,,,,,,,,,,,,,,,,,,,,,,,,,,,
53,SIA/OR/MIN/428069/2023,,,,,,,,,,,,,,,,,,,,,,,,,,,,,,,,,,,,,,,,
54,SIA/OR/MIN/64313/2017,,,,,,,,,,,,,,,,,,,,,,,,,,,,,,,,,,,,,,,,
55,SIA/OR/IND2/21627/2018,,,,,,,,,,,,,,,,,,,,,,,,,,,,,,,,,,,,,,,,
56,SIA/OR/IND2/27912/2018,,,,,,,,,,,,,,,,,,,,,,,,,,,,,,,,,,,,,,,,
57,SIA/OR/IND2/21902/2018,,,,,,,,,,,,,,,,,,,,,,,,,,,,,,,,,,,,,,,,
58,SIA/OR/IND2/21628/2018,,,,,,,,,,,,,,,,,,,,,,,,,,,,,,,,,,,,,,,,
59,SIA/OR/MIN/402949/2022,,,,,,,,,,,,,,,,,,,,,,,,,,,,,,,,,,,,,,,,
60,SIA/OR/MIN/64786/2017,,,,,,,,,,,,,,,,,,,,,,,,,,,,,,,,,,,,,,,,
61,SIA/OR/MIN/17415/2013,,,,,,,,,,,,,,,,,,,,,,,,,,,,,,,,,,,,,,,,
62,SIA/OR/MIN/409591/2022,,,,,,,,,,,,,,,,,,,,,,,,,,,,,,,,,,,,,,,,
63,SIA/OR/MIN/418109/2023,,,,,,,,,,,,,,,,,,,,,,,,,,,,,,,,,,,,,,,,
64,SIA/OR/IND2/26177/2018,,,,,,,,,,,,,,,,,,,,,,,,,,,,,,,,,,,,,,,,
65,SIA/OR/IND2/20767/2017,,,,,,,,,,,,,,,,,,,,,,,,,,,,,,,,,,,,,,,,
66,SIA/OR/MIN/61819/2017,,,,,,,,,,,,,,,,,,,,,,,,,,,,,,,,,,,,,,,,
69,SIA/OR/MIN/42648/2016,,,,,,,,,,,,,,,,,,,,,,,,,,,,,,,,,,,,,,,,
70,SIA/OR/MIN/36394/2015,,,,,,,,,,,,,,,,,,,,,,,,,,,,,,,,,,,,,,,,
71,SIA/OR/NCP/76032/2018,,,,,,,,,,,,,,,,,,,,,,,,,,,,,,,,,,,,,,,,
72,SIA/OR/IND2/21880/2018,,,,,,,,,,,,,,,,,,,,,,,,,,,,,,,,,,,,,,,,
73,SIA/OR/MIN/58091/2016,,,,,,,,,,,,,,,,,,,,,,,,,,,,,,,,,,,,,,,,
74,SIA/OR/MIN/33081/2015,,,,,,,,,,,,,,,,,,,,,,,,,,,,,,,,,,,,,,,,
75,SIA/OR/MIN/418750/2023,,,,,,,,,,,,,,,,,,,,,,,,,,,,,,,,,,,,,,,,
76,SIA/OR/MIN/49650/2016,,,,,,,,,,,,,,,,,,,,,,,,,,,,,,,,,,,,,,,,
77,SIA/OR/MIN/402897/2022,,,,,,,,,,,,,,,,,,,,,,,,,,,,,,,,,,,,,,,,
78,SIA/OR/MIN/32816/2015,,,,,,,,,,,,,,,,,,,,,,,,,,,,,,,,,,,,,,,,
79,SIA/OR/IND2/20921/2017,,,,,,,,,,,,,,,,,,,,,,,,,,,,,,,,,,,,,,,,
80,SIA/OR/IND2/22688/2018,,,,,,,,,,,,,,,,,,,,,,,,,,,,,,,,,,,,,,,,
81,SIA/OR/MIN/419187/2023,,,,,,,,,,,,,,,,,,,,,,,,,,,,,,,,,,,,,,,,
82,SIA/OR/IND/52363/2016,,,,,,,,,,,,,,,,,,,,,,,,,,,,,,,,,,,,,,,,
83,SIA/OR/MIN/48702/2016,,,,,,,,,,,,,,,,,,,,,,,,,,,,,,,,,,,,,,,,
84,SIA/OR/MIN/411155/2022,,,,,,,,,,,,,,,,,,,,,,,,,,,,,,,,,,,,,,,,
85,SIA/OR/IND2/26174/2018,,,,,,,,,,,,,,,,,,,,,,,,,,,,,,,,,,,,,,,,
89,SIA/OR/IND2/21632/2018,,,,,,,,,,,,,,,,,,,,,,,,,,,,,,,,,,,,,,,,
90,SIA/OR/IND2/22673/2018,,,,,,,,,,,,,,,,,,,,,,,,,,,,,,,,,,,,,,,,
91,SIA/OR/MIN/414480/2023,,,,,,,,,,,,,,,,,,,,,,,,,,,,,,,,,,,,,,,,
92,SIA/OR/MIN/414569/2023,,,,,,,,,,,,,,,,,,,,,,,,,,,,,,,,,,,,,,,,
93,SIA/OR/MIN/65548/2017,,,,,,,,,,,,,,,,,,,,,,,,,,,,,,,,,,,,,,,,
94,SIA/OR/MIN/41123/2016,,,,,,,,,,,,,,,,,,,,,,,,,,,,,,,,,,,,,,,,
95,SIA/OR/IND2/29275/2018,,,,,,,,,,,,,,,,,,,,,,,,,,,,,,,,,,,,,,,,
96,SIA/OR/MIN/75049/2018,,,,,,,,,,,,,,,,,,,,,,,,,,,,,,,,,,,,,,,,
97,SIA/OR/IND2/22679/2018,,,,,,,,,,,,,,,,,,,,,,,,,,,,,,,,,,,,,,,,
98,SIA/OR/MIN/49607/2016,,,,,,,,,,,,,,,,,,,,,,,,,,,,,,,,,,,,,,,,
99,SIA/OR/IND2/26074/2018,,,,,,,,,,,,,,,,,,,,,,,,,,,,,,,,,,,,,,,,
100,SIA/OR/MIN/408219/2022,,,,,,,,,,,,,,,,,,,,,,,,,,,,,,,,,,,,,,,,
101,SIA/OR/MIN/48136/2016,,,,,,,,,,,,,,,,,,,,,,,,,,,,,,,,,,,,,,,,
102,SIA/OR/MIN/50819/2016,,,,,,,,,,,,,,,,,,,,,,,,,,,,,,,,,,,,,,,,
103,SIA/OR/MIN/73395/2018,,,,,,,,,,,,,,,,,,,,,,,,,,,,,,,,,,,,,,,,
104,SIA/OR/MIN/52045/2016,,,,,,,,,,,,,,,,,,,,,,,,,,,,,,,,,,,,,,,,
105,SIA/OR/IND2/21829/2018,,,,,,,,,,,,,,,,,,,,,,,,,,,,,,,,,,,,,,,,
106,SIA/OR/MIN/407326/2022,,,,,,,,,,,,,,,,,,,,,,,,,,,,,,,,,,,,,,,,
107,SIA/OR/MIN/35208/2015,,,,,,,,,,,,,,,,,,,,,,,,,,,,,,,,,,,,,,,,
108,SIA/OR/MIN/50978/2016,,,,,,,,,,,,,,,,,,,,,,,,,,,,,,,,,,,,,,,,
109,SIA/OR/MIN/39352/2016,,,,,,,,,,,,,,,,,,,,,,,,,,,,,,,,,,,,,,,,
110,SIA/OR/MIN/58235/2016,,,,,,,,,,,,,,,,,,,,,,,,,,,,,,,,,,,,,,,,
111,SIA/OR/IND2/21911/2018,,,,,,,,,,,,,,,,,,,,,,,,,,,,,,,,,,,,,,,,
112,SIA/OR/MIN/52610/2016,,,,,,,,,,,,,,,,,,,,,,,,,,,,,,,,,,,,,,,,
113,SIA/OR/MIN/51539/2016,,,,,,,,,,,,,,,,,,,,,,,,,,,,,,,,,,,,,,,,
114,SIA/OR/MIN/48843/2016,,,,,,,,,,,,,,,,,,,,,,,,,,,,,,,,,,,,,,,,
115,SIA/OR/MIN/63252/2017,,,,,,,,,,,,,,,,,,,,,,,,,,,,,,,,,,,,,,,,
116,SIA/OR/MIN/60004/2021,,,,,,,,,,,,,,,,,,,,,,,,,,,,,,,,,,,,,,,,
117,SIA/OR/IND/20976/2017,,,,,,,,,,,,,,,,,,,,,,,,,,,,,,,,,,,,,,,,
118,SIA/OR/IND2/22437/2018,,,,,,,,,,,,,,,,,,,,,,,,,,,,,,,,,,,,,,,,
119,SIA/OR/MIN/52738/2016,,,,,,,,,,,,,,,,,,,,,,,,,,,,,,,,,,,,,,,,
120,SIA/OR/MIN/401834/2022,,,,,,,,,,,,,,,,,,,,,,,,,,,,,,,,,,,,,,,,
121,SIA/OR/IND2/22267/2018,,,,,,,,,,,,,,,,,,,,,,,,,,,,,,,,,,,,,,,,
122,SIA/OR/IND2/22303/2018,,,,,,,,,,,,,,,,,,,,,,,,,,,,,,,,,,,,,,,,
128,SIA/OR/MIN/42360/2016,,,,,,,,,,,,,,,,,,,,,,,,,,,,,,,,,,,,,,,,
129,SIA/OR/MIN/414504/2023,,,,,,,,,,,,,,,,,,,,,,,,,,,,,,,,,,,,,,,,
130,SIA/OR/IND2/22683/2018,,,,,,,,,,,,,,,,,,,,,,,,,,,,,,,,,,,,,,,,
131,SIA/OR/IND2/22685/2018,,,,,,,,,,,,,,,,,,,,,,,,,,,,,,,,,,,,,,,,
132,SIA/OR/IND2/21151/2017,,,,,,,,,,,,,,,,,,,,,,,,,,,,,,,,,,,,,,,,
133,SIA/OR/IND2/22690/2018,,,,,,,,,,,,,,,,,,,,,,,,,,,,,,,,,,,,,,,,
134,SIA/OR/MIN/42964/2016,,,,,,,,,,,,,,,,,,,,,,,,,,,,,,,,,,,,,,,,
135,SIA/OR/MIN/417156/2023,,,,,,,,,,,,,,,,,,,,,,,,,,,,,,,,,,,,,,,,
136,SIA/OR/MIN/422247/2023,,,,,,,,,,,,,,,,,,,,,,,,,,,,,,,,,,,,,,,,
137,SIA/OR/MIN/50683/2016,,,,,,,,,,,,,,,,,,,,,,,,,,,,,,,,,,,,,,,,
138,SIA/OR/MIN/423509/2023,,,,,,,,,,,,,,,,,,,,,,,,,,,,,,,,,,,,,,,,
139,SIA/OR/MIN/50811/2016,,,,,,,,,,,,,,,,,,,,,,,,,,,,,,,,,,,,,,,,
140,SIA/OR/MIN/49465/2016,,,,,,,,,,,,,,,,,,,,,,,,,,,,,,,,,,,,,,,,
141,SIA/OR/MIN/41242/2016,,,,,,,,,,,,,,,,,,,,,,,,,,,,,,,,,,,,,,,,
142,SIA/OR/MIN/408631/2022,,,,,,,,,,,,,,,,,,,,,,,,,,,,,,,,,,,,,,,,
143,SIA/OR/IND2/22319/2018,,,,,,,,,,,,,,,,,,,,,,,,,,,,,,,,,,,,,,,,
144,SIA/OR/MIN/30665/2015,,,,,,,,,,,,,,,,,,,,,,,,,,,,,,,,,,,,,,,,
145,SIA/OR/IND/88597/2018,,,,,,,,,,,,,,,,,,,,,,,,,,,,,,,,,,,,,,,,
146,SIA/OR/MIN/406683/2022,,,,,,,,,,,,,,,,,,,,,,,,,,,,,,,,,,,,,,,,
147,SIA/OR/MIN/406061/2022,,,,,,,,,,,,,,,,,,,,,,,,,,,,,,,,,,,,,,,,
148,SIA/OR/MIN/80960/2018,,,,,,,,,,,,,,,,,,,,,,,,,,,,,,,,,,,,,,,,
149,SIA/OR/IND2/22629/2018,,,,,,,,,,,,,,,,,,,,,,,,,,,,,,,,,,,,,,,,
150,SIA/OR/MIN/74590/2018,,,,,,,,,,,,,,,,,,,,,,,,,,,,,,,,,,,,,,,,
151,SIA/OR/MIN/416320/2023,,,,,,,,,,,,,,,,,,,,,,,,,,,,,,,,,,,,,,,,
152,SIA/OR/MIN/41187/2016,,,,,,,,,,,,,,,,,,,,,,,,,,,,,,,,,,,,,,,,
155,SIA/OR/MIN/51259/2016,,,,,,,,,,,,,,,,,,,,,,,,,,,,,,,,,,,,,,,,
156,SIA/OR/MIN/72437/2018,,,,,,,,,,,,,,,,,,,,,,,,,,,,,,,,,,,,,,,,
157,SIA/OR/MIN/35667/2015,,,,,,,,,,,,,,,,,,,,,,,,,,,,,,,,,,,,,,,,
158,SIA/OR/INFRA2/403552/2022,,,,,,,,,,,,,,,,,,,,,,,,,,,,,,,,,,,,,,,,
159,SIA/OR/MIN/28491/2018,,,,,,,,,,,,,,,,,,,,,,,,,,,,,,,,,,,,,,,,
160,SIA/OR/MIN/35918/2015,,,,,,,,,,,,,,,,,,,,,,,,,,,,,,,,,,,,,,,,
161,SIA/OR/MIN/39018/2016,,,,,,,,,,,,,,,,,,,,,,,,,,,,,,,,,,,,,,,,
162,SIA/OR/MIN/75639/2018,,,,,,,,,,,,,,,,,,,,,,,,,,,,,,,,,,,,,,,,
163,SIA/OR/MIN/415181/2023,,,,,,,,,,,,,,,,,,,,,,,,,,,,,,,,,,,,,,,,
166,SIA/OR/MIN/57564/2016,,,,,,,,,,,,,,,,,,,,,,,,,,,,,,,,,,,,,,,,
167,SIA/OR/IND2/21709/2018,,,,,,,,,,,,,,,,,,,,,,,,,,,,,,,,,,,,,,,,
168,SIA/OR/NCP/30050/2015,,,,,,,,,,,,,,,,,,,,,,,,,,,,,,,,,,,,,,,,
169,SIA/OR/MIN/421885/2023,,,,,,,,,,,,,,,,,,,,,,,,,,,,,,,,,,,,,,,,
173,SIA/OR/MIN/420486/2023,,,,,,,,,,,,,,,,,,,,,,,,,,,,,,,,,,,,,,,,
174,SIA/OR/MIN/419334/2023,,,,,,,,,,,,,,,,,,,,,,,,,,,,,,,,,,,,,,,,
175,SIA/OR/IND2/22404/2018,,,,,,,,,,,,,,,,,,,,,,,,,,,,,,,,,,,,,,,,
176,SIA/OR/MIN/73018/2018,,,,,,,,,,,,,,,,,,,,,,,,,,,,,,,,,,,,,,,,
177,SIA/OR/IND2/23126/2018,,,,,,,,,,,,,,,,,,,,,,,,,,,,,,,,,,,,,,,,
178,SIA/OR/MIN/42362/2016,,,,,,,,,,,,,,,,,,,,,,,,,,,,,,,,,,,,,,,,
179,SIA/OR/MIN/35894/2015,,,,,,,,,,,,,,,,,,,,,,,,,,,,,,,,,,,,,,,,
180,SIA/OR/MIN/63221/2017,,,,,,,,,,,,,,,,,,,,,,,,,,,,,,,,,,,,,,,,
181,SIA/OR/MIN/63716/2017,,,,,,,,,,,,,,,,,,,,,,,,,,,,,,,,,,,,,,,,
182,SIA/OR/MIN/402397/2022,,,,,,,,,,,,,,,,,,,,,,,,,,,,,,,,,,,,,,,,
183,SIA/OR/MIN/64098/2017,,,,,,,,,,,,,,,,,,,,,,,,,,,,,,,,,,,,,,,,
184,SIA/OR/IND2/21653/2018,,,,,,,,,,,,,,,,,,,,,,,,,,,,,,,,,,,,,,,,
185,SIA/OR/IND2/22723/2018,,,,,,,,,,,,,,,,,,,,,,,,,,,,,,,,,,,,,,,,
186,SIA/OR/NCP/62518/2017,,,,,,,,,,,,,,,,,,,,,,,,,,,,,,,,,,,,,,,,
187,SIA/OR/IND2/21900/2018,,,,,,,,,,,,,,,,,,,,,,,,,,,,,,,,,,,,,,,,
188,SIA/OR/IND2/22686/2018,,,,,,,,,,,,,,,,,,,,,,,,,,,,,,,,,,,,,,,,
189,SIA/OR/MIN/33100/2015,,,,,,,,,,,,,,,,,,,,,,,,,,,,,,,,,,,,,,,,
190,SIA/OR/MIN/58088/2016,,,,,,,,,,,,,,,,,,,,,,,,,,,,,,,,,,,,,,,,
191,SIA/OR/MIN/424054/2023,,,,,,,,,,,,,,,,,,,,,,,,,,,,,,,,,,,,,,,,
192,SIA/OR/IND2/23165/2018,,,,,,,,,,,,,,,,,,,,,,,,,,,,,,,,,,,,,,,,
193,SIA/OR/NCP/64357/2017,,,,,,,,,,,,,,,,,,,,,,,,,,,,,,,,,,,,,,,,
194,SIA/OR/MIN/49867/2016,,,,,,,,,,,,,,,,,,,,,,,,,,,,,,,,,,,,,,,,
195,SIA/OR/IND2/22133/2018,,,,,,,,,,,,,,,,,,,,,,,,,,,,,,,,,,,,,,,,
196,SIA/OR/MIN/42253/2016,,,,,,,,,,,,,,,,,,,,,,,,,,,,,,,,,,,,,,,,
197,SIA/OR/MIN/25803/2018,,,,,,,,,,,,,,,,,,,,,,,,,,,,,,,,,,,,,,,,
198,SIA/OR/MIN/37844/2016,,,,,,,,,,,,,,,,,,,,,,,,,,,,,,,,,,,,,,,,
199,SIA/OR/IND2/20946/2017,,,,,,,,,,,,,,,,,,,,,,,,,,,,,,,,,,,,,,,,
200,SIA/OR/MIN/40995/2016,,,,,,,,,,,,,,,,,,,,,,,,,,,,,,,,,,,,,,,,
201,SIA/OR/MIN/38266/2016,,,,,,,,,,,,,,,,,,,,,,,,,,,,,,,,,,,,,,,,
202,SIA/OR/IND2/21749/2018,,,,,,,,,,,,,,,,,,,,,,,,,,,,,,,,,,,,,,,,
203,SIA/OR/MIN/41772/2016,,,,,,,,,,,,,,,,,,,,,,,,,,,,,,,,,,,,,,,,
204,SIA/OR/MIN/41177/2016,,,,,,,,,,,,,,,,,,,,,,,,,,,,,,,,,,,,,,,,
205,SIA/OR/MIN/39219/2016,,,,,,,,,,,,,,,,,,,,,,,,,,,,,,,,,,,,,,,,
206,SIA/OR/IND2/22174/2018,,,,,,,,,,,,,,,,,,,,,,,,,,,,,,,,,,,,,,,,
207,SIA/OR/MIN/404971/2022,,,,,,,,,,,,,,,,,,,,,,,,,,,,,,,,,,,,,,,,
208,SIA/OR/MIN/404148/2022,,,,,,,,,,,,,,,,,,,,,,,,,,,,,,,,,,,,,,,,
209,SIA/OR/MIN/414594/2023,,,,,,,,,,,,,,,,,,,,,,,,,,,,,,,,,,,,,,,,
210,SIA/OR/MIN/423320/2023,,,,,,,,,,,,,,,,,,,,,,,,,,,,,,,,,,,,,,,,
211,SIA/OR/MIN/419386/2023,,,,,,,,,,,,,,,,,,,,,,,,,,,,,,,,,,,,,,,,
212,SIA/OR/MIN/36743/2015,,,,,,,,,,,,,,,,,,,,,,,,,,,,,,,,,,,,,,,,
213,SIA/OR/MIN/38681/2016,,,,,,,,,,,,,,,,,,,,,,,,,,,,,,,,,,,,,,,,
214,SIA/OR/MIN/63373/2017,,,,,,,,,,,,,,,,,,,,,,,,,,,,,,,,,,,,,,,,
215,SIA/OR/IND2/22714/2018,,,,,,,,,,,,,,,,,,,,,,,,,,,,,,,,,,,,,,,,
216,SIA/OR/MIN/37822/2016,,,,,,,,,,,,,,,,,,,,,,,,,,,,,,,,,,,,,,,,
217,SIA/OR/MIN/37843/2016,,,,,,,,,,,,,,,,,,,,,,,,,,,,,,,,,,,,,,,,
218,SIA/OR/MIN/83367/2018,,,,,,,,,,,,,,,,,,,,,,,,,,,,,,,,,,,,,,,,
219,SIA/OR/NCP/23686/2018,,,,,,,,,,,,,,,,,,,,,,,,,,,,,,,,,,,,,,,,
220,SIA/OR/IND2/28408/2018,,,,,,,,,,,,,,,,,,,,,,,,,,,,,,,,,,,,,,,,
221,SIA/OR/IND2/26148/2018,,,,,,,,,,,,,,,,,,,,,,,,,,,,,,,,,,,,,,,,
222,SIA/OR/MIN/74639/2018,,,,,,,,,,,,,,,,,,,,,,,,,,,,,,,,,,,,,,,,
223,SIA/OR/IND2/28066/2018,,,,,,,,,,,,,,,,,,,,,,,,,,,,,,,,,,,,,,,,
224,SIA/OR/IND2/24096/2018,,,,,,,,,,,,,,,,,,,,,,,,,,,,,,,,,,,,,,,,
225,SIA/OR/MIN/410834/2022,,,,,,,,,,,,,,,,,,,,,,,,,,,,,,,,,,,,,,,,
226,SIA/OR/MIN/57565/2016,,,,,,,,,,,,,,,,,,,,,,,,,,,,,,,,,,,,,,,,
227,SIA/OR/MIN/50481/2016,,,,,,,,,,,,,,,,,,,,,,,,,,,,,,,,,,,,,,,,
231,SIA/OR/MIN/75791/2018,,,,,,,,,,,,,,,,,,,,,,,,,,,,,,,,,,,,,,,,
232,SIA/OR/MIN/417044/2023,,,,,,,,,,,,,,,,,,,,,,,,,,,,,,,,,,,,,,,,
233,SIA/OR/MIN/422850/2023,,,,,,,,,,,,,,,,,,,,,,,,,,,,,,,,,,,,,,,,
234,SIA/OR/MIN/53972/2016,,,,,,,,,,,,,,,,,,,,,,,,,,,,,,,,,,,,,,,,
235,SIA/OR/IND2/22142/2018,,,,,,,,,,,,,,,,,,,,,,,,,,,,,,,,,,,,,,,,
236,SIA/OR/IND2/22701/2018,,,,,,,,,,,,,,,,,,,,,,,,,,,,,,,,,,,,,,,,
237,SIA/OR/MIN/53417/2016,,,,,,,,,,,,,,,,,,,,,,,,,,,,,,,,,,,,,,,,
238,SIA/OR/MIN/419854/2023,,,,,,,,,,,,,,,,,,,,,,,,,,,,,,,,,,,,,,,,
239,SIA/OR/MIN/64714/2017,,,,,,,,,,,,,,,,,,,,,,,,,,,,,,,,,,,,,,,,
240,SIA/OR/MIN/407350/2022,,,,,,,,,,,,,,,,,,,,,,,,,,,,,,,,,,,,,,,,
241,SIA/OR/MIN/18112/2013,,,,,,,,,,,,,,,,,,,,,,,,,,,,,,,,,,,,,,,,
242,SIA/OR/MIN/417021/2023,,,,,,,,,,,,,,,,,,,,,,,,,,,,,,,,,,,,,,,,
243,SIA/OR/MIN/69792/2017,,,,,,,,,,,,,,,,,,,,,,,,,,,,,,,,,,,,,,,,
244,SIA/OR/MIN/61120/2016,,,,,,,,,,,,,,,,,,,,,,,,,,,,,,,,,,,,,,,,
245,SIA/OR/MIN/410974/2022,,,,,,,,,,,,,,,,,,,,,,,,,,,,,,,,,,,,,,,,
246,SIA/OR/MIN/71449/2017,,,,,,,,,,,,,,,,,,,,,,,,,,,,,,,,,,,,,,,,
247,SIA/OR/MIN/22128/2018,,,,,,,,,,,,,,,,,,,,,,,,,,,,,,,,,,,,,,,,
248,SIA/OR/MIN/406868/2022,,,,,,,,,,,,,,,,,,,,,,,,,,,,,,,,,,,,,,,,
249,SIA/OR/IND2/24087/2018,,,,,,,,,,,,,,,,,,,,,,,,,,,,,,,,,,,,,,,,
250,SIA/OR/MIN/409230/2022,,,,,,,,,,,,,,,,,,,,,,,,,,,,,,,,,,,,,,,,
251,SIA/OR/MIN/425695/2023,,,,,,,,,,,,,,,,,,,,,,,,,,,,,,,,,,,,,,,,
252,SIA/OR/MIN/422858/2023,,,,,,,,,,,,,,,,,,,,,,,,,,,,,,,,,,,,,,,,
253,SIA/OR/IND2/22665/2018,,,,,,,,,,,,,,,,,,,,,,,,,,,,,,,,,,,,,,,,
254,SIA/OR/IND2/21815/2018,,,,,,,,,,,,,,,,,,,,,,,,,,,,,,,,,,,,,,,,
255,SIA/OR/MIN/42373/2016,,,,,,,,,,,,,,,,,,,,,,,,,,,,,,,,,,,,,,,,
256,SIA/OR/IND2/26059/2018,,,,,,,,,,,,,,,,,,,,,,,,,,,,,,,,,,,,,,,,
257,SIA/OR/MIN/37832/2016,,,,,,,,,,,,,,,,,,,,,,,,,,,,,,,,,,,,,,,,
258,SIA/OR/IND2/21159/2017,,,,,,,,,,,,,,,,,,,,,,,,,,,,,,,,,,,,,,,,
259,SIA/OR/IND2/22473/2018,,,,,,,,,,,,,,,,,,,,,,,,,,,,,,,,,,,,,,,,
260,SIA/OR/MIN/407678/2022,,,,,,,,,,,,,,,,,,,,,,,,,,,,,,,,,,,,,,,,
261,SIA/OR/MIN/64246/2017,,,,,,,,,,,,,,,,,,,,,,,,,,,,,,,,,,,,,,,,
262,SIA/OR/MIN/404617/2022,,,,,,,,,,,,,,,,,,,,,,,,,,,,,,,,,,,,,,,,
263,SIA/OR/NCP/76195/2018,,,,,,,,,,,,,,,,,,,,,,,,,,,,,,,,,,,,,,,,
265,SIA/OR/MIN/428951/2023,,,,,,,,,,,,,,,,,,,,,,,,,,,,,,,,,,,,,,,,
266,SIA/OR/MIN/402094/2022,,,,,,,,,,,,,,,,,,,,,,,,,,,,,,,,,,,,,,,,
267,SIA/OR/MIN/405402/2022,,,,,,,,,,,,,,,,,,,,,,,,,,,,,,,,,,,,,,,,
268,SIA/OR/IND2/23158/2018,,,,,,,,,,,,,,,,,,,,,,,,,,,,,,,,,,,,,,,,
269,SIA/OR/MIN/75051/2018,,,,,,,,,,,,,,,,,,,,,,,,,,,,,,,,,,,,,,,,
0,SIA/OR/MIN/38995/2016,,,,,,,,,,,,,,,,,,,,,,,,,,,,,,,,,,,,,,,,
1,SIA/OR/MIN/50290/2016,,,,,,,,,,,,,,,,,,,,,,,,,,,,,,,,,,,,,,,,
2,SIA/OR/IND2/23834/2018,,,,,,,,,,,,,,,,,,,,,,,,,,,,,,,,,,,,,,,,
3,SIA/OR/IND2/21882/2018,,,,,,,,,,,,,,,,,,,,,,,,,,,,,,,,,,,,,,,,
4,SIA/OR/MIN/42084/2016,,,,,,,,,,,,,,,,,,,,,,,,,,,,,,,,,,,,,,,,
5,SIA/OR/IND2/23164/2018,,,,,,,,,,,,,,,,,,,,,,,,,,,,,,,,,,,,,,,,
6,SIA/OR/MIN/37846/2016,,,,,,,,,,,,,,,,,,,,,,,,,,,,,,,,,,,,,,,,
7,SIA/OR/MIN/42374/2016,,,,,,,,,,,,,,,,,,,,,,,,,,,,,,,,,,,,,,,,
8,SIA/OR/MIN/412021/2022,,,,,,,,,,,,,,,,,,,,,,,,,,,,,,,,,,,,,,,,
9,SIA/OR/MIN/422043/2023,,,,,,,,,,,,,,,,,,,,,,,,,,,,,,,,,,,,,,,,
10,SIA/OR/IND2/28102/2018,,,,,,,,,,,,,,,,,,,,,,,,,,,,,,,,,,,,,,,,
11,SIA/OR/MIN/48138/2016,,,,,,,,,,,,,,,,,,,,,,,,,,,,,,,,,,,,,,,,
12,SIA/OR/MIN/50534/2016,,,,,,,,,,,,,,,,,,,,,,,,,,,,,,,,,,,,,,,,
13,SIA/OR/IND2/21626/2018,,,,,,,,,,,,,,,,,,,,,,,,,,,,,,,,,,,,,,,,
14,SIA/OR/IND2/29167/2018,,,,,,,,,,,,,,,,,,,,,,,,,,,,,,,,,,,,,,,,
15,SIA/OR/MIN/404201/2022,,,,,,,,,,,,,,,,,,,,,,,,,,,,,,,,,,,,,,,,
16,SIA/OR/MIN/63503/2017,,,,,,,,,,,,,,,,,,,,,,,,,,,,,,,,,,,,,,,,
17,SIA/OR/MIN/51263/2016,,,,,,,,,,,,,,,,,,,,,,,,,,,,,,,,,,,,,,,,
18,SIA/OR/MIN/41101/2016,,,,,,,,,,,,,,,,,,,,,,,,,,,,,,,,,,,,,,,,
19,SIA/OR/MIN/424804/2023,,,,,,,,,,,,,,,,,,,,,,,,,,,,,,,,,,,,,,,,
20,SIA/OR/IND2/25914/2018,,,,,,,,,,,,,,,,,,,,,,,,,,,,,,,,,,,,,,,,
21,SIA/OR/MIN/405971/2022,,,,,,,,,,,,,,,,,,,,,,,,,,,,,,,,,,,,,,,,
22,SIA/OR/IND2/23168/2018,,,,,,,,,,,,,,,,,,,,,,,,,,,,,,,,,,,,,,,,
23,SIA/OR/MIN/42646/2016,,,,,,,,,,,,,,,,,,,,,,,,,,,,,,,,,,,,,,,,
24,SIA/OR/MIS/30292/2017,,,,,,,,,,,,,,,,,,,,,,,,,,,,,,,,,,,,,,,,
25,SIA/OR/MIN/70338/2017,,,,,,,,,,,,,,,,,,,,,,,,,,,,,,,,,,,,,,,,
26,SIA/OR/MIN/405459/2022,,,,,,,,,,,,,,,,,,,,,,,,,,,,,,,,,,,,,,,,
27,SIA/OR/MIN/41295/2016,,,,,,,,,,,,,,,,,,,,,,,,,,,,,,,,,,,,,,,,
28,SIA/OR/MIN/23514/2018,,,,,,,,,,,,,,,,,,,,,,,,,,,,,,,,,,,,,,,,
29,SIA/OR/IND2/23260/2018,,,,,,,,,,,,,,,,,,,,,,,,,,,,,,,,,,,,,,,,
30,SIA/OR/MIN/50516/2016,,,,,,,,,,,,,,,,,,,,,,,,,,,,,,,,,,,,,,,,
31,SIA/OR/IND2/27932/2018,,,,,,,,,,,,,,,,,,,,,,,,,,,,,,,,,,,,,,,,
32,SIA/OR/IND2/21784/2018,,,,,,,,,,,,,,,,,,,,,,,,,,,,,,,,,,,,,,,,
33,SIA/OR/MIN/64513/2017,,,,,,,,,,,,,,,,,,,,,,,,,,,,,,,,,,,,,,,,
34,SIA/OR/MIN/61827/2017,,,,,,,,,,,,,,,,,,,,,,,,,,,,,,,,,,,,,,,,
35,SIA/OR/MIN/412210/2022,,,,,,,,,,,,,,,,,,,,,,,,,,,,,,,,,,,,,,,,
36,SIA/OR/MIN/49973/2016,,,,,,,,,,,,,,,,,,,,,,,,,,,,,,,,,,,,,,,,
37,SIA/OR/MIN/426984/2023,,,,,,,,,,,,,,,,,,,,,,,,,,,,,,,,,,,,,,,,
38,SIA/OR/MIN/403362/2022,,,,,,,,,,,,,,,,,,,,,,,,,,,,,,,,,,,,,,,,
39,SIA/OR/NCP/75603/2018,,,,,,,,,,,,,,,,,,,,,,,,,,,,,,,,,,,,,,,,
40,SIA/OR/IND2/21778/2018,,,,,,,,,,,,,,,,,,,,,,,,,,,,,,,,,,,,,,,,
41,SIA/OR/MIN/61914/2017,,,,,,,,,,,,,,,,,,,,,,,,,,,,,,,,,,,,,,,,
42,SIA/OR/MIN/414684/2023,,,,,,,,,,,,,,,,,,,,,,,,,,,,,,,,,,,,,,,,
43,SIA/OR/MIN/406056/2022,,,,,,,,,,,,,,,,,,,,,,,,,,,,,,,,,,,,,,,,
44,SIA/OR/MIN/421763/2023,,,,,,,,,,,,,,,,,,,,,,,,,,,,,,,,,,,,,,,,
45,SIA/OR/IND2/23240/2018,,,,,,,,,,,,,,,,,,,,,,,,,,,,,,,,,,,,,,,,
46,SIA/OR/IND2/28174/2018,,,,,,,,,,,,,,,,,,,,,,,,,,,,,,,,,,,,,,,,
47,SIA/OR/IND2/28175/2018,,,,,,,,,,,,,,,,,,,,,,,,,,,,,,,,,,,,,,,,
48,SIA/OR/MIN/59706/2016,,,,,,,,,,,,,,,,,,,,,,,,,,,,,,,,,,,,,,,,
49,SIA/OR/MIN/408132/2022,,,,,,,,,,,,,,,,,,,,,,,,,,,,,,,,,,,,,,,,
50,SIA/OR/IND2/29144/2018,,,,,,,,,,,,,,,,,,,,,,,,,,,,,,,,,,,,,,,,
51,SIA/OR/MIN/419372/2023,,,,,,,,,,,,,,,,,,,,,,,,,,,,,,,,,,,,,,,,
52,SIA/OR/MIN/64717/2017,,,,,,,,,,,,,,,,,,,,,,,,,,,,,,,,,,,,,,,,
53,SIA/OR/MIN/402825/2022,,,,,,,,,,,,,,,,,,,,,,,,,,,,,,,,,,,,,,,,
54,SIA/OR/MIN/421749/2023,,,,,,,,,,,,,,,,,,,,,,,,,,,,,,,,,,,,,,,,
55,SIA/OR/MIN/401915/2022,,,,,,,,,,,,,,,,,,,,,,,,,,,,,,,,,,,,,,,,
56,SIA/OR/MIN/50693/2016,,,,,,,,,,,,,,,,,,,,,,,,,,,,,,,,,,,,,,,,
57,SIA/OR/MIN/70432/2017,,,,,,,,,,,,,,,,,,,,,,,,,,,,,,,,,,,,,,,,
58,SIA/OR/IND2/21793/2018,,,,,,,,,,,,,,,,,,,,,,,,,,,,,,,,,,,,,,,,
59,SIA/OR/MIN/423377/2023,,,,,,,,,,,,,,,,,,,,,,,,,,,,,,,,,,,,,,,,
60,SIA/OR/MIN/410946/2022,,,,,,,,,,,,,,,,,,,,,,,,,,,,,,,,,,,,,,,,
61,SIA/OR/MIN/64315/2017,,,,,,,,,,,,,,,,,,,,,,,,,,,,,,,,,,,,,,,,
62,SIA/OR/MIN/418108/2023,,,,,,,,,,,,,,,,,,,,,,,,,,,,,,,,,,,,,,,,
63,SIA/OR/MIN/422673/2023,,,,,,,,,,,,,,,,,,,,,,,,,,,,,,,,,,,,,,,,
64,SIA/OR/MIN/22367/2018,,,,,,,,,,,,,,,,,,,,,,,,,,,,,,,,,,,,,,,,
65,SIA/OR/MIN/403300/2022,,,,,,,,,,,,,,,,,,,,,,,,,,,,,,,,,,,,,,,,
66,SIA/OR/MIN/403187/2022,,,,,,,,,,,,,,,,,,,,,,,,,,,,,,,,,,,,,,,,
67,SIA/OR/MIN/80362/2018,,,,,,,,,,,,,,,,,,,,,,,,,,,,,,,,,,,,,,,,
68,SIA/OR/MIN/39063/2016,,,,,,,,,,,,,,,,,,,,,,,,,,,,,,,,,,,,,,,,
69,SIA/OR/MIN/417606/2023,,,,,,,,,,,,,,,,,,,,,,,,,,,,,,,,,,,,,,,,
70,SIA/OR/MIN/423182/2023,,,,,,,,,,,,,,,,,,,,,,,,,,,,,,,,,,,,,,,,
71,SIA/OR/IND2/22402/2018,,,,,,,,,,,,,,,,,,,,,,,,,,,,,,,,,,,,,,,,
72,SIA/OR/INFRA2/418440/2023,,,,,,,,,,,,,,,,,,,,,,,,,,,,,,,,,,,,,,,,
73,SIA/OR/MIN/42962/2016,,,,,,,,,,,,,,,,,,,,,,,,,,,,,,,,,,,,,,,,
74,SIA/OR/MIN/406035/2022,,,,,,,,,,,,,,,,,,,,,,,,,,,,,,,,,,,,,,,,
75,SIA/OR/MIN/70864/2017,,,,,,,,,,,,,,,,,,,,,,,,,,,,,,,,,,,,,,,,
76,SIA/OR/MIN/402438/2022,,,,,,,,,,,,,,,,,,,,,,,,,,,,,,,,,,,,,,,,
77,SIA/OR/IND2/22676/2018,,,,,,,,,,,,,,,,,,,,,,,,,,,,,,,,,,,,,,,,
78,SIA/OR/MIN/402711/2022,,,,,,,,,,,,,,,,,,,,,,,,,,,,,,,,,,,,,,,,
79,SIA/OR/MIN/35661/2015,,,,,,,,,,,,,,,,,,,,,,,,,,,,,,,,,,,,,,,,
80,SIA/OR/MIN/405805/2022,,,,,,,,,,,,,,,,,,,,,,,,,,,,,,,,,,,,,,,,
81,SIA/OR/IND/28741/2017,,,,,,,,,,,,,,,,,,,,,,,,,,,,,,,,,,,,,,,,
82,SIA/OR/IND2/28184/2018,,,,,,,,,,,,,,,,,,,,,,,,,,,,,,,,,,,,,,,,
83,SIA/OR/MIN/403052/2022,,,,,,,,,,,,,,,,,,,,,,,,,,,,,,,,,,,,,,,,
84,SIA/OR/MIN/42975/2016,,,,,,,,,,,,,,,,,,,,,,,,,,,,,,,,,,,,,,,,
85,SIA/OR/MIN/37745/2016,,,,,,,,,,,,,,,,,,,,,,,,,,,,,,,,,,,,,,,,
86,SIA/OR/MIN/60465/2016,,,,,,,,,,,,,,,,,,,,,,,,,,,,,,,,,,,,,,,,
87,SIA/OR/MIN/37824/2016,,,,,,,,,,,,,,,,,,,,,,,,,,,,,,,,,,,,,,,,
88,SIA/OR/MIN/75894/2018,,,,,,,,,,,,,,,,,,,,,,,,,,,,,,,,,,,,,,,,
0,SIA/OR/MIN/20910/2017,,,,,,,,,,,,,,,,,,,,,,,,,,,,,,,,,,,,,,,,
1,SIA/OR/IND2/26123/2018,,,,,,,,,,,,,,,,,,,,,,,,,,,,,,,,,,,,,,,,
2,SIA/OR/IND2/28270/2018,,,,,,,,,,,,,,,,,,,,,,,,,,,,,,,,,,,,,,,,
3,SIA/OR/IND2/21206/2017,,,,,,,,,,,,,,,,,,,,,,,,,,,,,,,,,,,,,,,,
4,SIA/OR/MIN/49297/2016,,,,,,,,,,,,,,,,,,,,,,,,,,,,,,,,,,,,,,,,
5,SIA/OR/MIN/50695/2016,,,,,,,,,,,,,,,,,,,,,,,,,,,,,,,,,,,,,,,,
6,SIA/OR/MIN/403071/2022,,,,,,,,,,,,,,,,,,,,,,,,,,,,,,,,,,,,,,,,
7,SIA/OR/MIN/65190/2017,,,,,,,,,,,,,,,,,,,,,,,,,,,,,,,,,,,,,,,,
8,SIA/OR/MIN/51925/2016,,,,,,,,,,,,,,,,,,,,,,,,,,,,,,,,,,,,,,,,
9,SIA/OR/MIN/405261/2022,,,,,,,,,,,,,,,,,,,,,,,,,,,,,,,,,,,,,,,,
10,SIA/OR/MIN/35638/2015,,,,,,,,,,,,,,,,,,,,,,,,,,,,,,,,,,,,,,,,
11,SIA/OR/IND2/23226/2018,,,,,,,,,,,,,,,,,,,,,,,,,,,,,,,,,,,,,,,,
12,SIA/OR/MIN/61188/2016,,,,,,,,,,,,,,,,,,,,,,,,,,,,,,,,,,,,,,,,
13,SIA/OR/NCP/54923/2016,,,,,,,,,,,,,,,,,,,,,,,,,,,,,,,,,,,,,,,,
14,SIA/OR/MIN/38263/2016,,,,,,,,,,,,,,,,,,,,,,,,,,,,,,,,,,,,,,,,
15,SIA/OR/MIN/422822/2023,,,,,,,,,,,,,,,,,,,,,,,,,,,,,,,,,,,,,,,,
16,SIA/OR/MIN/59309/2016,,,,,,,,,,,,,,,,,,,,,,,,,,,,,,,,,,,,,,,,
17,SIA/OR/MIN/73310/2018,,,,,,,,,,,,,,,,,,,,,,,,,,,,,,,,,,,,,,,,
18,SIA/OR/MIN/400290/2022,,,,,,,,,,,,,,,,,,,,,,,,,,,,,,,,,,,,,,,,
19,SIA/OR/MIN/37825/2016,,,,,,,,,,,,,,,,,,,,,,,,,,,,,,,,,,,,,,,,
20,SIA/OR/IND2/28784/2017,,,,,,,,,,,,,,,,,,,,,,,,,,,,,,,,,,,,,,,,
21,SIA/OR/MIN/49883/2016,,,,,,,,,,,,,,,,,,,,,,,,,,,,,,,,,,,,,,,,
22,SIA/OR/IND2/23873/2018,,,,,,,,,,,,,,,,,,,,,,,,,,,,,,,,,,,,,,,,
23,SIA/OR/MIN/39132/2016,,,,,,,,,,,,,,,,,,,,,,,,,,,,,,,,,,,,,,,,
24,SIA/OR/MIN/403663/2022,,,,,,,,,,,,,,,,,,,,,,,,,,,,,,,,,,,,,,,,
25,SIA/OR/MIN/75609/2018,,,,,,,,,,,,,,,,,,,,,,,,,,,,,,,,,,,,,,,,
26,SIA/OR/IND2/22324/2018,,,,,,,,,,,,,,,,,,,,,,,,,,,,,,,,,,,,,,,,
27,SIA/OR/IND2/26067/2018,,,,,,,,,,,,,,,,,,,,,,,,,,,,,,,,,,,,,,,,
28,SIA/OR/MIN/72347/2018,,,,,,,,,,,,,,,,,,,,,,,,,,,,,,,,,,,,,,,,
29,SIA/OR/MIN/61780/2017,,,,,,,,,,,,,,,,,,,,,,,,,,,,,,,,,,,,,,,,
30,SIA/OR/MIN/84160/2018,,,,,,,,,,,,,,,,,,,,,,,,,,,,,,,,,,,,,,,,
31,SIA/OR/MIN/38622/2016,,,,,,,,,,,,,,,,,,,,,,,,,,,,,,,,,,,,,,,,
32,SIA/OR/MIN/42201/2016,,,,,,,,,,,,,,,,,,,,,,,,,,,,,,,,,,,,,,,,
33,SIA/OR/MIN/42363/2016,,,,,,,,,,,,,,,,,,,,,,,,,,,,,,,,,,,,,,,,
34,SIA/OR/MIN/429004/2023,,,,,,,,,,,,,,,,,,,,,,,,,,,,,,,,,,,,,,,,
35,SIA/OR/MIN/418635/2023,,,,,,,,,,,,,,,,,,,,,,,,,,,,,,,,,,,,,,,,
36,SIA/OR/MIN/425326/2023,,,,,,,,,,,,,,,,,,,,,,,,,,,,,,,,,,,,,,,,
37,SIA/OR/MIN/49889/2016,,,,,,,,,,,,,,,,,,,,,,,,,,,,,,,,,,,,,,,,
38,SIA/OR/MIN/70950/2017,,,,,,,,,,,,,,,,,,,,,,,,,,,,,,,,,,,,,,,,
39,SIA/OR/MIN/11068/2012,,,,,,,,,,,,,,,,,,,,,,,,,,,,,,,,,,,,,,,,
40,SIA/OR/MIN/422188/2023,,,,,,,,,,,,,,,,,,,,,,,,,,,,,,,,,,,,,,,,
41,SIA/OR/MIN/37845/2016,,,,,,,,,,,,,,,,,,,,,,,,,,,,,,,,,,,,,,,,
42,SIA/OR/MIN/39051/2016,,,,,,,,,,,,,,,,,,,,,,,,,,,,,,,,,,,,,,,,
43,SIA/OR/IND2/17336/2016,,,,,,,,,,,,,,,,,,,,,,,,,,,,,,,,,,,,,,,,
44,SIA/OR/MIN/42894/2016,,,,,,,,,,,,,,,,,,,,,,,,,,,,,,,,,,,,,,,,
45,SIA/OR/MIN/39072/2016,,,,,,,,,,,,,,,,,,,,,,,,,,,,,,,,,,,,,,,,
46,SIA/OR/MIN/414047/2023,,,,,,,,,,,,,,,,,,,,,,,,,,,,,,,,,,,,,,,,
47,SIA/OR/MIN/41359/2016,,,,,,,,,,,,,,,,,,,,,,,,,,,,,,,,,,,,,,,,
48,SIA/OR/MIN/60132/2016,,,,,,,,,,,,,,,,,,,,,,,,,,,,,,,,,,,,,,,,
49,SIA/OR/IND2/22527/2018,,,,,,,,,,,,,,,,,,,,,,,,,,,,,,,,,,,,,,,,
50,SIA/OR/MIN/427394/2023,,,,,,,,,,,,,,,,,,,,,,,,,,,,,,,,,,,,,,,,
51,SIA/OR/IND2/72551/2018,,,,,,,,,,,,,,,,,,,,,,,,,,,,,,,,,,,,,,,,
52,SIA/OR/IND2/21821/2018,,,,,,,,,,,,,,,,,,,,,,,,,,,,,,,,,,,,,,,,
53,SIA/OR/MIN/38594/2016,,,,,,,,,,,,,,,,,,,,,,,,,,,,,,,,,,,,,,,,
54,SIA/OR/MIN/56307/2016,,,,,,,,,,,,,,,,,,,,,,,,,,,,,,,,,,,,,,,,
55,SIA/OR/MIN/42961/2016,,,,,,,,,,,,,,,,,,,,,,,,,,,,,,,,,,,,,,,,
56,SIA/OR/MIN/35620/2015,,,,,,,,,,,,,,,,,,,,,,,,,,,,,,,,,,,,,,,,
57,SIA/OR/MIN/418856/2023,,,,,,,,,,,,,,,,,,,,,,,,,,,,,,,,,,,,,,,,
58,SIA/OR/MIN/418920/2023,,,,,,,,,,,,,,,,,,,,,,,,,,,,,,,,,,,,,,,,
59,SIA/OR/RIV/86550/2018,,,,,,,,,,,,,,,,,,,,,,,,,,,,,,,,,,,,,,,,
60,SIA/OR/IND2/27910/2018,,,,,,,,,,,,,,,,,,,,,,,,,,,,,,,,,,,,,,,,
61,SIA/OR/MIN/62664/2017,,,,,,,,,,,,,,,,,,,,,,,,,,,,,,,,,,,,,,,,
62,SIA/OR/MIN/49971/2016,,,,,,,,,,,,,,,,,,,,,,,,,,,,,,,,,,,,,,,,
63,SIA/OR/IND2/415084/2023,,,,,,,,,,,,,,,,,,,,,,,,,,,,,,,,,,,,,,,,
64,SIA/OR/IND2/21754/2018,,,,,,,,,,,,,,,,,,,,,,,,,,,,,,,,,,,,,,,,
65,SIA/OR/MIN/65601/2017,,,,,,,,,,,,,,,,,,,,,,,,,,,,,,,,,,,,,,,,
66,SIA/OR/IND2/23286/2018,,,,,,,,,,,,,,,,,,,,,,,,,,,,,,,,,,,,,,,,
67,SIA/OR/MIN/72156/2018,,,,,,,,,,,,,,,,,,,,,,,,,,,,,,,,,,,,,,,,
68,SIA/OR/IND2/29046/2018,,,,,,,,,,,,,,,,,,,,,,,,,,,,,,,,,,,,,,,,
69,SIA/OR/MIN/39898/2016,,,,,,,,,,,,,,,,,,,,,,,,,,,,,,,,,,,,,,,,
70,SIA/OR/INFRA2/422590/2023,,,,,,,,,,,,,,,,,,,,,,,,,,,,,,,,,,,,,,,,
71,SIA/OR/MIS/25955/2018,,,,,,,,,,,,,,,,,,,,,,,,,,,,,,,,,,,,,,,,
72,SIA/OR/MIN/51593/2016,,,,,,,,,,,,,,,,,,,,,,,,,,,,,,,,,,,,,,,,
73,SIA/OR/MIN/63729/2017,,,,,,,,,,,,,,,,,,,,,,,,,,,,,,,,,,,,,,,,
74,SIA/OR/MIN/42375/2016,,,,,,,,,,,,,,,,,,,,,,,,,,,,,,,,,,,,,,,,
75,SIA/OR/MIN/421619/2023,,,,,,,,,,,,,,,,,,,,,,,,,,,,,,,,,,,,,,,,
76,SIA/OR/IND2/25756/2018,,,,,,,,,,,,,,,,,,,,,,,,,,,,,,,,,,,,,,,,
77,SIA/OR/MIN/416336/2023,,,,,,,,,,,,,,,,,,,,,,,,,,,,,,,,,,,,,,,,
78,SIA/OR/MIN/404298/2022,,,,,,,,,,,,,,,,,,,,,,,,,,,,,,,,,,,,,,,,
79,SIA/OR/MIN/53339/2016,,,,,,,,,,,,,,,,,,,,,,,,,,,,,,,,,,,,,,,,
80,SIA/OR/IND2/72549/2018,,,,,,,,,,,,,,,,,,,,,,,,,,,,,,,,,,,,,,,,
81,SIA/OR/IND2/22687/2018,,,,,,,,,,,,,,,,,,,,,,,,,,,,,,,,,,,,,,,,
82,SIA/OR/MIN/419961/2023,,,,,,,,,,,,,,,,,,,,,,,,,,,,,,,,,,,,,,,,
83,SIA/OR/IND2/23167/2018,,,,,,,,,,,,,,,,,,,,,,,,,,,,,,,,,,,,,,,,
84,SIA/OR/MIN/405458/2022,,,,,,,,,,,,,,,,,,,,,,,,,,,,,,,,,,,,,,,,
85,SIA/OR/MIN/50830/2016,,,,,,,,,,,,,,,,,,,,,,,,,,,,,,,,,,,,,,,,
86,SIA/OR/MIN/65665/2017,,,,,,,,,,,,,,,,,,,,,,,,,,,,,,,,,,,,,,,,
87,SIA/OR/IND2/23085/2018,,,,,,,,,,,,,,,,,,,,,,,,,,,,,,,,,,,,,,,,
88,SIA/OR/IND2/21205/2017,,,,,,,,,,,,,,,,,,,,,,,,,,,,,,,,,,,,,,,,
89,SIA/OR/MIN/64314/2017,,,,,,,,,,,,,,,,,,,,,,,,,,,,,,,,,,,,,,,,
90,SIA/OR/IND2/21750/2018,,,,,,,,,,,,,,,,,,,,,,,,,,,,,,,,,,,,,,,,
91,SIA/OR/MIN/64561/2017,,,,,,,,,,,,,,,,,,,,,,,,,,,,,,,,,,,,,,,,
92,SIA/OR/MIN/48698/2016,,,,,,,,,,,,,,,,,,,,,,,,,,,,,,,,,,,,,,,,
93,SIA/OR/MIN/31770/2015,,,,,,,,,,,,,,,,,,,,,,,,,,,,,,,,,,,,,,,,
94,SIA/OR/NCP/77618/2018,,,,,,,,,,,,,,,,,,,,,,,,,,,,,,,,,,,,,,,,
95,SIA/OR/IND/18843/2016,,,,,,,,,,,,,,,,,,,,,,,,,,,,,,,,,,,,,,,,
96,SIA/OR/IND2/22730/2018,,,,,,,,,,,,,,,,,,,,,,,,,,,,,,,,,,,,,,,,
97,SIA/OR/MIN/71277/2017,,,,,,,,,,,,,,,,,,,,,,,,,,,,,,,,,,,,,,,,
98,SIA/OR/MIN/404641/2022,,,,,,,,,,,,,,,,,,,,,,,,,,,,,,,,,,,,,,,,
99,SIA/OR/MIN/70431/2017,,,,,,,,,,,,,,,,,,,,,,,,,,,,,,,,,,,,,,,,
100,SIA/OR/MIN/419490/2023,,,,,,,,,,,,,,,,,,,,,,,,,,,,,,,,,,,,,,,,
101,SIA/OR/MIN/429149/2023,,,,,,,,,,,,,,,,,,,,,,,,,,,,,,,,,,,,,,,,
102,SIA/OR/MIN/50490/2016,,,,,,,,,,,,,,,,,,,,,,,,,,,,,,,,,,,,,,,,
103,SIA/OR/INFRA2/405252/2022,,,,,,,,,,,,,,,,,,,,,,,,,,,,,,,,,,,,,,,,
104,SIA/OR/MIN/35645/2015,,,,,,,,,,,,,,,,,,,,,,,,,,,,,,,,,,,,,,,,
105,SIA/OR/IND2/72546/2018,,,,,,,,,,,,,,,,,,,,,,,,,,,,,,,,,,,,,,,,
106,SIA/OR/MIN/423617/2023,,,,,,,,,,,,,,,,,,,,,,,,,,,,,,,,,,,,,,,,
107,SIA/OR/IND2/22722/2018,,,,,,,,,,,,,,,,,,,,,,,,,,,,,,,,,,,,,,,,
108,SIA/OR/MIN/409033/2022,,,,,,,,,,,,,,,,,,,,,,,,,,,,,,,,,,,,,,,,
109,SIA/OR/IND2/21712/2018,,,,,,,,,,,,,,,,,,,,,,,,,,,,,,,,,,,,,,,,
110,SIA/OR/IND2/21837/2018,,,,,,,,,,,,,,,,,,,,,,,,,,,,,,,,,,,,,,,,
111,SIA/OR/IND2/29867/2018,,,,,,,,,,,,,,,,,,,,,,,,,,,,,,,,,,,,,,,,
112,SIA/OR/IND2/21203/2017,,,,,,,,,,,,,,,,,,,,,,,,,,,,,,,,,,,,,,,,
113,SIA/OR/MIN/48446/2016,,,,,,,,,,,,,,,,,,,,,,,,,,,,,,,,,,,,,,,,
114,SIA/OR/MIN/418074/2023,,,,,,,,,,,,,,,,,,,,,,,,,,,,,,,,,,,,,,,,
115,SIA/OR/MIN/48010/2016,,,,,,,,,,,,,,,,,,,,,,,,,,,,,,,,,,,,,,,,
116,SIA/OR/MIN/424396/2023,,,,,,,,,,,,,,,,,,,,,,,,,,,,,,,,,,,,,,,,
117,SIA/OR/IND2/22627/2018,,,,,,,,,,,,,,,,,,,,,,,,,,,,,,,,,,,,,,,,
118,SIA/OR/MIN/64214/2017,,,,,,,,,,,,,,,,,,,,,,,,,,,,,,,,,,,,,,,,
119,SIA/OR/MIN/50945/2016,,,,,,,,,,,,,,,,,,,,,,,,,,,,,,,,,,,,,,,,
120,SIA/OR/MIN/404296/2022,,,,,,,,,,,,,,,,,,,,,,,,,,,,,,,,,,,,,,,,
121,SIA/OR/MIN/20720/2017,,,,,,,,,,,,,,,,,,,,,,,,,,,,,,,,,,,,,,,,
122,SIA/OR/MIN/69672/2017,,,,,,,,,,,,,,,,,,,,,,,,,,,,,,,,,,,,,,,,
123,SIA/OR/MIN/423513/2023,,,,,,,,,,,,,,,,,,,,,,,,,,,,,,,,,,,,,,,,
124,SIA/OR/MIN/411375/2022,,,,,,,,,,,,,,,,,,,,,,,,,,,,,,,,,,,,,,,,
125,SIA/OR/MIN/49764/2016,,,,,,,,,,,,,,,,,,,,,,,,,,,,,,,,,,,,,,,,
126,SIA/OR/IND2/27896/2018,,,,,,,,,,,,,,,,,,,,,,,,,,,,,,,,,,,,,,,,
127,SIA/OR/MIN/416765/2023,,,,,,,,,,,,,,,,,,,,,,,,,,,,,,,,,,,,,,,,
128,SIA/OR/IND2/23252/2018,,,,,,,,,,,,,,,,,,,,,,,,,,,,,,,,,,,,,,,,
129,SIA/OR/IND2/22472/2018,,,,,,,,,,,,,,,,,,,,,,,,,,,,,,,,,,,,,,,,
130,SIA/OR/MIN/403737/2022,,,,,,,,,,,,,,,,,,,,,,,,,,,,,,,,,,,,,,,,
131,SIA/OR/MIN/72439/2018,,,,,,,,,,,,,,,,,,,,,,,,,,,,,,,,,,,,,,,,
132,SIA/OR/MIN/41770/2016,,,,,,,,,,,,,,,,,,,,,,,,,,,,,,,,,,,,,,,,
133,SIA/OR/IND2/29027/2018,,,,,,,,,,,,,,,,,,,,,,,,,,,,,,,,,,,,,,,,
134,SIA/OR/IND2/21643/2018,,,,,,,,,,,,,,,,,,,,,,,,,,,,,,,,,,,,,,,,
135,SIA/OR/MIN/42357/2016,,,,,,,,,,,,,,,,,,,,,,,,,,,,,,,,,,,,,,,,
136,SIA/OR/MIN/58089/2016,,,,,,,,,,,,,,,,,,,,,,,,,,,,,,,,,,,,,,,,
137,SIA/OR/MIN/426559/2023,,,,,,,,,,,,,,,,,,,,,,,,,,,,,,,,,,,,,,,,
138,SIA/OR/IND2/23182/2018,,,,,,,,,,,,,,,,,,,,,,,,,,,,,,,,,,,,,,,,
139,SIA/OR/NCP/30018/2018,,,,,,,,,,,,,,,,,,,,,,,,,,,,,,,,,,,,,,,,
140,SIA/OR/NCP/67867/2017,,,,,,,,,,,,,,,,,,,,,,,,,,,,,,,,,,,,,,,,
141,SIA/OR/IND2/21823/2018,,,,,,,,,,,,,,,,,,,,,,,,,,,,,,,,,,,,,,,,
142,SIA/OR/IND2/23835/2018,,,,,,,,,,,,,,,,,,,,,,,,,,,,,,,,,,,,,,,,
143,SIA/OR/MIN/57086/2016,,,,,,,,,,,,,,,,,,,,,,,,,,,,,,,,,,,,,,,,
144,SIA/OR/MIN/404032/2022,,,,,,,,,,,,,,,,,,,,,,,,,,,,,,,,,,,,,,,,
145,SIA/OR/IND2/29206/2018,,,,,,,,,,,,,,,,,,,,,,,,,,,,,,,,,,,,,,,,
146,SIA/OR/MIN/411244/2022,,,,,,,,,,,,,,,,,,,,,,,,,,,,,,,,,,,,,,,,
147,SIA/OR/MIN/50656/2016,,,,,,,,,,,,,,,,,,,,,,,,,,,,,,,,,,,,,,,,
148,SIA/OR/MIN/403618/2022,,,,,,,,,,,,,,,,,,,,,,,,,,,,,,,,,,,,,,,,
149,SIA/OR/MIN/57550/2016,,,,,,,,,,,,,,,,,,,,,,,,,,,,,,,,,,,,,,,,
150,SIA/OR/MIN/405360/2022,,,,,,,,,,,,,,,,,,,,,,,,,,,,,,,,,,,,,,,,
151,SIA/OR/MIN/35457/2015,,,,,,,,,,,,,,,,,,,,,,,,,,,,,,,,,,,,,,,,
152,SIA/OR/MIN/417367/2023,,,,,,,,,,,,,,,,,,,,,,,,,,,,,,,,,,,,,,,,
153,SIA/OR/MIN/57555/2016,,,,,,,,,,,,,,,,,,,,,,,,,,,,,,,,,,,,,,,,
154,SIA/OR/MIN/411733/2023,,,,,,,,,,,,,,,,,,,,,,,,,,,,,,,,,,,,,,,,
155,SIA/OR/MIN/39256/2016,,,,,,,,,,,,,,,,,,,,,,,,,,,,,,,,,,,,,,,,
156,SIA/OR/MIN/414915/2023,,,,,,,,,,,,,,,,,,,,,,,,,,,,,,,,,,,,,,,,
157,SIA/OR/IND2/28984/2018,,,,,,,,,,,,,,,,,,,,,,,,,,,,,,,,,,,,,,,,
158,SIA/OR/MIN/407364/2022,,,,,,,,,,,,,,,,,,,,,,,,,,,,,,,,,,,,,,,,
159,SIA/OR/MIN/50955/2016,,,,,,,,,,,,,,,,,,,,,,,,,,,,,,,,,,,,,,,,
160,SIA/OR/MIN/68739/2017,,,,,,,,,,,,,,,,,,,,,,,,,,,,,,,,,,,,,,,,
161,SIA/OR/MIN/406018/2022,,,,,,,,,,,,,,,,,,,,,,,,,,,,,,,,,,,,,,,,
162,SIA/OR/MIN/422257/2023,,,,,,,,,,,,,,,,,,,,,,,,,,,,,,,,,,,,,,,,
163,SIA/OR/IND2/28819/2018,,,,,,,,,,,,,,,,,,,,,,,,,,,,,,,,,,,,,,,,
164,SIA/OR/MIN/425823/2023,,,,,,,,,,,,,,,,,,,,,,,,,,,,,,,,,,,,,,,,
165,SIA/OR/IND2/21748/2018,,,,,,,,,,,,,,,,,,,,,,,,,,,,,,,,,,,,,,,,
166,SIA/OR/MIN/406595/2022,,,,,,,,,,,,,,,,,,,,,,,,,,,,,,,,,,,,,,,,
167,SIA/OR/IND2/21814/2018,,,,,,,,,,,,,,,,,,,,,,,,,,,,,,,,,,,,,,,,
168,SIA/OR/MIN/85127/2018,,,,,,,,,,,,,,,,,,,,,,,,,,,,,,,,,,,,,,,,
169,SIA/OR/IND2/21804/2018,,,,,,,,,,,,,,,,,,,,,,,,,,,,,,,,,,,,,,,,
170,SIA/OR/MIN/42246/2016,,,,,,,,,,,,,,,,,,,,,,,,,,,,,,,,,,,,,,,,
171,SIA/OR/IND2/22400/2018,,,,,,,,,,,,,,,,,,,,,,,,,,,,,,,,,,,,,,,,
172,SIA/OR/MIN/38986/2016,,,,,,,,,,,,,,,,,,,,,,,,,,,,,,,,,,,,,,,,
173,SIA/OR/MIN/53794/2016,,,,,,,,,,,,,,,,,,,,,,,,,,,,,,,,,,,,,,,,
174,SIA/OR/IND2/22255/2018,,,,,,,,,,,,,,,,,,,,,,,,,,,,,,,,,,,,,,,,
175,SIA/OR/MIN/75511/2018,,,,,,,,,,,,,,,,,,,,,,,,,,,,,,,,,,,,,,,,
176,SIA/OR/IND2/22591/2018,,,,,,,,,,,,,,,,,,,,,,,,,,,,,,,,,,,,,,,,
177,SIA/OR/MIN/419424/2023,,,,,,,,,,,,,,,,,,,,,,,,,,,,,,,,,,,,,,,,
181,SIA/OR/MIN/50688/2016,,,,,,,,,,,,,,,,,,,,,,,,,,,,,,,,,,,,,,,,
182,SIA/OR/MIN/60440/2016,,,,,,,,,,,,,,,,,,,,,,,,,,,,,,,,,,,,,,,,
183,SIA/OR/MIN/41182/2016,,,,,,,,,,,,,,,,,,,,,,,,,,,,,,,,,,,,,,,,
184,SIA/OR/IND2/25027/2018,,,,,,,,,,,,,,,,,,,,,,,,,,,,,,,,,,,,,,,,
185,SIA/OR/MIN/403495/2022,,,,,,,,,,,,,,,,,,,,,,,,,,,,,,,,,,,,,,,,
186,SIA/OR/MIN/49885/2016,,,,,,,,,,,,,,,,,,,,,,,,,,,,,,,,,,,,,,,,
187,SIA/OR/IND2/29136/2018,,,,,,,,,,,,,,,,,,,,,,,,,,,,,,,,,,,,,,,,
188,SIA/OR/MIN/41054/2016,,,,,,,,,,,,,,,,,,,,,,,,,,,,,,,,,,,,,,,,
189,SIA/OR/IND2/72544/2018,,,,,,,,,,,,,,,,,,,,,,,,,,,,,,,,,,,,,,,,
190,SIA/OR/MIN/21426/2017,,,,,,,,,,,,,,,,,,,,,,,,,,,,,,,,,,,,,,,,
192,SIA/OR/MIN/61816/2017,,,,,,,,,,,,,,,,,,,,,,,,,,,,,,,,,,,,,,,,
193,SIA/OR/MIN/406336/2022,,,,,,,,,,,,,,,,,,,,,,,,,,,,,,,,,,,,,,,,
194,SIA/OR/IND2/29038/2018,,,,,,,,,,,,,,,,,,,,,,,,,,,,,,,,,,,,,,,,
195,SIA/OR/NCP/38208/2016,,,,,,,,,,,,,,,,,,,,,,,,,,,,,,,,,,,,,,,,
196,SIA/OR/MIN/419224/2023,,,,,,,,,,,,,,,,,,,,,,,,,,,,,,,,,,,,,,,,
197,SIA/OR/IND2/23262/2018,,,,,,,,,,,,,,,,,,,,,,,,,,,,,,,,,,,,,,,,
198,SIA/OR/INFRA2/428068/2023,,,,,,,,,,,,,,,,,,,,,,,,,,,,,,,,,,,,,,,,
199,SIA/OR/MIN/406856/2022,,,,,,,,,,,,,,,,,,,,,,,,,,,,,,,,,,,,,,,,
200,SIA/OR/IND2/22314/2018,,,,,,,,,,,,,,,,,,,,,,,,,,,,,,,,,,,,,,,,
201,SIA/OR/MIN/423782/2023,,,,,,,,,,,,,,,,,,,,,,,,,,,,,,,,,,,,,,,,
202,SIA/OR/IND2/28968/2018,,,,,,,,,,,,,,,,,,,,,,,,,,,,,,,,,,,,,,,,
203,SIA/OR/IND2/26006/2018,,,,,,,,,,,,,,,,,,,,,,,,,,,,,,,,,,,,,,,,
204,SIA/OR/IND/29913/2017,,,,,,,,,,,,,,,,,,,,,,,,,,,,,,,,,,,,,,,,
205,SIA/OR/MIN/404480/2022,,,,,,,,,,,,,,,,,,,,,,,,,,,,,,,,,,,,,,,,
206,SIA/OR/IND2/26147/2018,,,,,,,,,,,,,,,,,,,,,,,,,,,,,,,,,,,,,,,,
207,SIA/OR/MIN/48575/2016,,,,,,,,,,,,,,,,,,,,,,,,,,,,,,,,,,,,,,,,
214,SIA/OR/IND2/28061/2018,,,,,,,,,,,,,,,,,,,,,,,,,,,,,,,,,,,,,,,,
215,SIA/OR/IND2/20314/2017,,,,,,,,,,,,,,,,,,,,,,,,,,,,,,,,,,,,,,,,
216,SIA/OR/MIN/41963/2016,,,,,,,,,,,,,,,,,,,,,,,,,,,,,,,,,,,,,,,,
217,SIA/OR/MIN/50495/2016,,,,,,,,,,,,,,,,,,,,,,,,,,,,,,,,,,,,,,,,
218,SIA/OR/MIN/405647/2022,,,,,,,,,,,,,,,,,,,,,,,,,,,,,,,,,,,,,,,,
219,SIA/OR/IND2/21929/2018,,,,,,,,,,,,,,,,,,,,,,,,,,,,,,,,,,,,,,,,
220,SIA/OR/IND2/22151/2018,,,,,,,,,,,,,,,,,,,,,,,,,,,,,,,,,,,,,,,,
221,SIA/OR/MIN/48053/2016,,,,,,,,,,,,,,,,,,,,,,,,,,,,,,,,,,,,,,,,
222,SIA/OR/MIN/50513/2016,,,,,,,,,,,,,,,,,,,,,,,,,,,,,,,,,,,,,,,,
223,SIA/OR/MIN/71840/2017,,,,,,,,,,,,,,,,,,,,,,,,,,,,,,,,,,,,,,,,
224,SIA/OR/MIN/41207/2016,,,,,,,,,,,,,,,,,,,,,,,,,,,,,,,,,,,,,,,,
225,SIA/OR/IND2/21812/2018,,,,,,,,,,,,,,,,,,,,,,,,,,,,,,,,,,,,,,,,
226,SIA/OR/IND2/26026/2018,,,,,,,,,,,,,,,,,,,,,,,,,,,,,,,,,,,,,,,,
227,SIA/OR/MIN/41485/2016,,,,,,,,,,,,,,,,,,,,,,,,,,,,,,,,,,,,,,,,
228,SIA/OR/MIN/414527/2023,,,,,,,,,,,,,,,,,,,,,,,,,,,,,,,,,,,,,,,,
229,SIA/OR/MIN/63251/2017,,,,,,,,,,,,,,,,,,,,,,,,,,,,,,,,,,,,,,,,
230,SIA/OR/MIN/417331/2023,,,,,,,,,,,,,,,,,,,,,,,,,,,,,,,,,,,,,,,,
231,SIA/OR/MIN/404468/2022,,,,,,,,,,,,,,,,,,,,,,,,,,,,,,,,,,,,,,,,
232,SIA/OR/MIN/48695/2016,,,,,,,,,,,,,,,,,,,,,,,,,,,,,,,,,,,,,,,,
233,SIA/OR/IND2/21651/2018,,,,,,,,,,,,,,,,,,,,,,,,,,,,,,,,,,,,,,,,
234,SIA/OR/MIN/50812/2016,,,,,,,,,,,,,,,,,,,,,,,,,,,,,,,,,,,,,,,,
235,SIA/OR/MIN/422488/2023,,,,,,,,,,,,,,,,,,,,,,,,,,,,,,,,,,,,,,,,
236,SIA/OR/MIN/53083/2016,,,,,,,,,,,,,,,,,,,,,,,,,,,,,,,,,,,,,,,,
237,SIA/OR/IND2/26180/2018,,,,,,,,,,,,,,,,,,,,,,,,,,,,,,,,,,,,,,,,
238,SIA/OR/IND2/61634/2017,,,,,,,,,,,,,,,,,,,,,,,,,,,,,,,,,,,,,,,,
239,SIA/OR/MIN/402663/2022,,,,,,,,,,,,,,,,,,,,,,,,,,,,,,,,,,,,,,,,
240,SIA/OR/MIN/41241/2016,,,,,,,,,,,,,,,,,,,,,,,,,,,,,,,,,,,,,,,,
241,SIA/OR/MIN/42783/2016,,,,,,,,,,,,,,,,,,,,,,,,,,,,,,,,,,,,,,,,
242,SIA/OR/IND2/23818/2018,,,,,,,,,,,,,,,,,,,,,,,,,,,,,,,,,,,,,,,,
243,SIA/OR/MIN/424915/2023,,,,,,,,,,,,,,,,,,,,,,,,,,,,,,,,,,,,,,,,
244,SIA/OR/MIN/76961/2018,,,,,,,,,,,,,,,,,,,,,,,,,,,,,,,,,,,,,,,,
245,SIA/OR/IND2/22718/2018,,,,,,,,,,,,,,,,,,,,,,,,,,,,,,,,,,,,,,,,
246,SIA/OR/MIN/49890/2016,,,,,,,,,,,,,,,,,,,,,,,,,,,,,,,,,,,,,,,,
247,SIA/OR/MIN/404022/2022,,,,,,,,,,,,,,,,,,,,,,,,,,,,,,,,,,,,,,,,
248,SIA/OR/IND2/22397/2018,,,,,,,,,,,,,,,,,,,,,,,,,,,,,,,,,,,,,,,,
249,SIA/OR/MIN/53081/2016,,,,,,,,,,,,,,,,,,,,,,,,,,,,,,,,,,,,,,,,
250,SIA/OR/MIN/424901/2023,,,,,,,,,,,,,,,,,,,,,,,,,,,,,,,,,,,,,,,,
251,SIA/OR/IND2/72542/2018,,,,,,,,,,,,,,,,,,,,,,,,,,,,,,,,,,,,,,,,
252,SIA/OR/IND2/22131/2018,,,,,,,,,,,,,,,,,,,,,,,,,,,,,,,,,,,,,,,,
253,SIA/OR/MIN/42297/2016,,,,,,,,,,,,,,,,,,,,,,,,,,,,,,,,,,,,,,,,
254,SIA/OR/IND2/21816/2018,,,,,,,,,,,,,,,,,,,,,,,,,,,,,,,,,,,,,,,,
255,SIA/OR/IND2/21889/2018,,,,,,,,,,,,,,,,,,,,,,,,,,,,,,,,,,,,,,,,
256,SIA/OR/IND2/22648/2018,,,,,,,,,,,,,,,,,,,,,,,,,,,,,,,,,,,,,,,,
257,SIA/OR/MIN/48997/2016,,,,,,,,,,,,,,,,,,,,,,,,,,,,,,,,,,,,,,,,
258,SIA/OR/MIN/39116/2016,,,,,,,,,,,,,,,,,,,,,,,,,,,,,,,,,,,,,,,,
259,SIA/OR/IND2/22641/2018,,,,,,,,,,,,,,,,,,,,,,,,,,,,,,,,,,,,,,,,
260,SIA/OR/MIN/34278/2015,,,,,,,,,,,,,,,,,,,,,,,,,,,,,,,,,,,,,,,,
261,SIA/OR/MIN/18637/2017,,,,,,,,,,,,,,,,,,,,,,,,,,,,,,,,,,,,,,,,
262,SIA/OR/INFRA2/413593/2023,,,,,,,,,,,,,,,,,,,,,,,,,,,,,,,,,,,,,,,,
263,SIA/OR/MIN/42015/2016,,,,,,,,,,,,,,,,,,,,,,,,,,,,,,,,,,,,,,,,
264,SIA/OR/MIN/403976/2022,,,,,,,,,,,,,,,,,,,,,,,,,,,,,,,,,,,,,,,,
265,SIA/OR/INFRA2/401996/2022,,,,,,,,,,,,,,,,,,,,,,,,,,,,,,,,,,,,,,,,
266,SIA/OR/MIN/34931/2015,,,,,,,,,,,,,,,,,,,,,,,,,,,,,,,,,,,,,,,,
267,SIA/OR/IND2/22550/2018,,,,,,,,,,,,,,,,,,,,,,,,,,,,,,,,,,,,,,,,
268,SIA/OR/MIN/404581/2022,,,,,,,,,,,,,,,,,,,,,,,,,,,,,,,,,,,,,,,,
269,SIA/OR/IND2/22731/2018,,,,,,,,,,,,,,,,,,,,,,,,,,,,,,,,,,,,,,,,
270,SIA/OR/IND2/21901/2018,,,,,,,,,,,,,,,,,,,,,,,,,,,,,,,,,,,,,,,,
271,SIA/OR/NCP/75805/2018,,,,,,,,,,,,,,,,,,,,,,,,,,,,,,,,,,,,,,,,
272,SIA/OR/IND2/26095/2018,,,,,,,,,,,,,,,,,,,,,,,,,,,,,,,,,,,,,,,,
273,SIA/OR/MIN/411645/2022,,,,,,,,,,,,,,,,,,,,,,,,,,,,,,,,,,,,,,,,
274,SIA/OR/MIN/403437/2022,,,,,,,,,,,,,,,,,,,,,,,,,,,,,,,,,,,,,,,,
275,SIA/OR/IND2/22713/2018,,,,,,,,,,,,,,,,,,,,,,,,,,,,,,,,,,,,,,,,
276,SIA/OR/MIN/50538/2016,,,,,,,,,,,,,,,,,,,,,,,,,,,,,,,,,,,,,,,,
277,SIA/OR/IND2/23166/2018,,,,,,,,,,,,,,,,,,,,,,,,,,,,,,,,,,,,,,,,
278,SIA/OR/IND2/21928/2018,,,,,,,,,,,,,,,,,,,,,,,,,,,,,,,,,,,,,,,,
279,SIA/OR/IND2/72547/2018,,,,,,,,,,,,,,,,,,,,,,,,,,,,,,,,,,,,,,,,
280,SIA/OR/IND2/21645/2018,,,,,,,,,,,,,,,,,,,,,,,,,,,,,,,,,,,,,,,,
281,SIA/OR/MIN/49710/2016,,,,,,,,,,,,,,,,,,,,,,,,,,,,,,,,,,,,,,,,
282,SIA/OR/MIN/72108/2018,,,,,,,,,,,,,,,,,,,,,,,,,,,,,,,,,,,,,,,,
283,SIA/OR/MIN/53954/2016,,,,,,,,,,,,,,,,,,,,,,,,,,,,,,,,,,,,,,,,
284,SIA/OR/MIN/74669/2018,,,,,,,,,,,,,,,,,,,,,,,,,,,,,,,,,,,,,,,,
285,SIA/OR/MIN/50958/2016,,,,,,,,,,,,,,,,,,,,,,,,,,,,,,,,,,,,,,,,
286,SIA/OR/IND2/20883/2017,,,,,,,,,,,,,,,,,,,,,,,,,,,,,,,,,,,,,,,,
287,SIA/OR/IND2/22046/2018,,,,,,,,,,,,,,,,,,,,,,,,,,,,,,,,,,,,,,,,
288,SIA/OR/MIN/60363/2016,,,,,,,,,,,,,,,,,,,,,,,,,,,,,,,,,,,,,,,,
289,SIA/OR/MIN/50814/2016,,,,,,,,,,,,,,,,,,,,,,,,,,,,,,,,,,,,,,,,
290,SIA/OR/MIN/49868/2016,,,,,,,,,,,,,,,,,,,,,,,,,,,,,,,,,,,,,,,,
291,SIA/OR/MIN/416435/2023,,,,,,,,,,,,,,,,,,,,,,,,,,,,,,,,,,,,,,,,
292,SIA/OR/IND2/25750/2018,,,,,,,,,,,,,,,,,,,,,,,,,,,,,,,,,,,,,,,,
293,SIA/OR/IND2/23221/2018,,,,,,,,,,,,,,,,,,,,,,,,,,,,,,,,,,,,,,,,
294,SIA/OR/MIN/75778/2018,,,,,,,,,,,,,,,,,,,,,,,,,,,,,,,,,,,,,,,,
295,SIA/OR/MIN/417472/2023,,,,,,,,,,,,,,,,,,,,,,,,,,,,,,,,,,,,,,,,
296,SIA/OR/MIN/50051/2016,,,,,,,,,,,,,,,,,,,,,,,,,,,,,,,,,,,,,,,,
297,SIA/OR/MIN/49908/2016,,,,,,,,,,,,,,,,,,,,,,,,,,,,,,,,,,,,,,,,
298,SIA/OR/MIN/63806/2017,,,,,,,,,,,,,,,,,,,,,,,,,,,,,,,,,,,,,,,,
299,SIA/OR/MIN/423260/2023,,,,,,,,,,,,,,,,,,,,,,,,,,,,,,,,,,,,,,,,
300,SIA/OR/IND2/25506/2018,,,,,,,,,,,,,,,,,,,,,,,,,,,,,,,,,,,,,,,,
301,SIA/OR/MIN/69671/2017,,,,,,,,,,,,,,,,,,,,,,,,,,,,,,,,,,,,,,,,
302,SIA/OR/MIN/60762/2016,,,,,,,,,,,,,,,,,,,,,,,,,,,,,,,,,,,,,,,,
303,SIA/OR/MIN/70433/2017,,,,,,,,,,,,,,,,,,,,,,,,,,,,,,,,,,,,,,,,
304,SIA/OR/MIN/72104/2018,,,,,,,,,,,,,,,,,,,,,,,,,,,,,,,,,,,,,,,,
305,SIA/OR/MIN/408324/2022,,,,,,,,,,,,,,,,,,,,,,,,,,,,,,,,,,,,,,,,
306,SIA/OR/IND2/23265/2018,,,,,,,,,,,,,,,,,,,,,,,,,,,,,,,,,,,,,,,,
307,SIA/OR/IND2/29635/2018,,,,,,,,,,,,,,,,,,,,,,,,,,,,,,,,,,,,,,,,
308,SIA/OR/NCP/86475/2018,,,,,,,,,,,,,,,,,,,,,,,,,,,,,,,,,,,,,,,,
309,SIA/OR/MIN/50419/2016,,,,,,,,,,,,,,,,,,,,,,,,,,,,,,,,,,,,,,,,
310,SIA/OR/IND2/21905/2018,,,,,,,,,,,,,,,,,,,,,,,,,,,,,,,,,,,,,,,,
311,SIA/OR/MIN/406935/2022,,,,,,,,,,,,,,,,,,,,,,,,,,,,,,,,,,,,,,,,
312,SIA/OR/MIN/416778/2023,,,,,,,,,,,,,,,,,,,,,,,,,,,,,,,,,,,,,,,,
313,SIA/OR/MIN/80901/2018,,,,,,,,,,,,,,,,,,,,,,,,,,,,,,,,,,,,,,,,
314,SIA/OR/MIN/42356/2016,,,,,,,,,,,,,,,,,,,,,,,,,,,,,,,,,,,,,,,,
315,SIA/OR/MIN/73560/2018,,,,,,,,,,,,,,,,,,,,,,,,,,,,,,,,,,,,,,,,
316,SIA/OR/MIN/41120/2016,,,,,,,,,,,,,,,,,,,,,,,,,,,,,,,,,,,,,,,,
317,SIA/OR/MIN/41294/2016,,,,,,,,,,,,,,,,,,,,,,,,,,,,,,,,,,,,,,,,
318,SIA/OR/IND2/21779/2018,,,,,,,,,,,,,,,,,,,,,,,,,,,,,,,,,,,,,,,,
319,SIA/OR/IND2/23313/2018,,,,,,,,,,,,,,,,,,,,,,,,,,,,,,,,,,,,,,,,
321,SIA/OR/MIN/41506/2016,,,,,,,,,,,,,,,,,,,,,,,,,,,,,,,,,,,,,,,,
322,SIA/OR/NCP/59528/2016,,,,,,,,,,,,,,,,,,,,,,,,,,,,,,,,,,,,,,,,
323,SIA/OR/IND2/408307/2022,,,,,,,,,,,,,,,,,,,,,,,,,,,,,,,,,,,,,,,,
324,SIA/OR/MIN/50553/2016,,,,,,,,,,,,,,,,,,,,,,,,,,,,,,,,,,,,,,,,
325,SIA/OR/MIN/19524/2017,,,,,,,,,,,,,,,,,,,,,,,,,,,,,,,,,,,,,,,,
326,SIA/OR/MIN/37952/2016,,,,,,,,,,,,,,,,,,,,,,,,,,,,,,,,,,,,,,,,
327,SIA/OR/MIN/41125/2016,,,,,,,,,,,,,,,,,,,,,,,,,,,,,,,,,,,,,,,,
328,SIA/OR/IND2/26192/2018,,,,,,,,,,,,,,,,,,,,,,,,,,,,,,,,,,,,,,,,
3,SIA/OR/MIN/85180/2018,,,,,,,,,,,,,,,,,,,,,,,,,,,,,,,,,,,,,,,,
4,SIA/OR/IND2/21813/2018,,,,,,,,,,,,,,,,,,,,,,,,,,,,,,,,,,,,,,,,
5,SIA/OR/IND2/21692/2018,,,,,,,,,,,,,,,,,,,,,,,,,,,,,,,,,,,,,,,,
14,SIA/OR/MIN/48694/2016,,,,,,,,,,,,,,,,,,,,,,,,,,,,,,,,,,,,,,,,
15,SIA/OR/MIN/80950/2018,,,,,,,,,,,,,,,,,,,,,,,,,,,,,,,,,,,,,,,,
16,SIA/OR/IND2/22570/2018,,,,,,,,,,,,,,,,,,,,,,,,,,,,,,,,,,,,,,,,
17,SIA/OR/IND2/22636/2018,,,,,,,,,,,,,,,,,,,,,,,,,,,,,,,,,,,,,,,,
18,SIA/OR/MIN/403303/2022,,,,,,,,,,,,,,,,,,,,,,,,,,,,,,,,,,,,,,,,
19,SIA/OR/IND2/22461/2018,,,,,,,,,,,,,,,,,,,,,,,,,,,,,,,,,,,,,,,,
20,SIA/OR/MIN/42237/2016,,,,,,,,,,,,,,,,,,,,,,,,,,,,,,,,,,,,,,,,
21,SIA/OR/MIN/405306/2022,,,,,,,,,,,,,,,,,,,,,,,,,,,,,,,,,,,,,,,,
22,SIA/OR/MIN/74627/2018,,,,,,,,,,,,,,,,,,,,,,,,,,,,,,,,,,,,,,,,
23,SIA/OR/NCP/83620/2018,,,,,,,,,,,,,,,,,,,,,,,,,,,,,,,,,,,,,,,,
24,SIA/OR/MIN/41211/2016,,,,,,,,,,,,,,,,,,,,,,,,,,,,,,,,,,,,,,,,
25,SIA/OR/MIN/35201/2015,,,,,,,,,,,,,,,,,,,,,,,,,,,,,,,,,,,,,,,,
26,SIA/OR/MIN/64755/2017,,,,,,,,,,,,,,,,,,,,,,,,,,,,,,,,,,,,,,,,
27,SIA/OR/MIN/49142/2016,,,,,,,,,,,,,,,,,,,,,,,,,,,,,,,,,,,,,,,,
28,SIA/OR/MIN/50059/2016,,,,,,,,,,,,,,,,,,,,,,,,,,,,,,,,,,,,,,,,
29,SIA/OR/IND2/26029/2018,,,,,,,,,,,,,,,,,,,,,,,,,,,,,,,,,,,,,,,,
30,SIA/OR/MIN/39227/2016,,,,,,,,,,,,,,,,,,,,,,,,,,,,,,,,,,,,,,,,
31,SIA/OR/MIN/50018/2016,,,,,,,,,,,,,,,,,,,,,,,,,,,,,,,,,,,,,,,,
32,SIA/OR/MIN/404415/2022,,,,,,,,,,,,,,,,,,,,,,,,,,,,,,,,,,,,,,,,
33,SIA/OR/IND2/28071/2018,,,,,,,,,,,,,,,,,,,,,,,,,,,,,,,,,,,,,,,,
34,SIA/OR/IND2/22020/2018,,,,,,,,,,,,,,,,,,,,,,,,,,,,,,,,,,,,,,,,
35,SIA/OR/IND2/19538/2016,,,,,,,,,,,,,,,,,,,,,,,,,,,,,,,,,,,,,,,,
36,SIA/OR/MIN/414395/2023,,,,,,,,,,,,,,,,,,,,,,,,,,,,,,,,,,,,,,,,
37,SIA/OR/MIN/60767/2016,,,,,,,,,,,,,,,,,,,,,,,,,,,,,,,,,,,,,,,,
38,SIA/OR/MIN/75066/2018,,,,,,,,,,,,,,,,,,,,,,,,,,,,,,,,,,,,,,,,
39,SIA/OR/MIN/42235/2016,,,,,,,,,,,,,,,,,,,,,,,,,,,,,,,,,,,,,,,,
40,SIA/OR/IND2/21781/2018,,,,,,,,,,,,,,,,,,,,,,,,,,,,,,,,,,,,,,,,
41,SIA/OR/MIN/38264/2016,,,,,,,,,,,,,,,,,,,,,,,,,,,,,,,,,,,,,,,,
42,SIA/OR/IND2/28835/2018,,,,,,,,,,,,,,,,,,,,,,,,,,,,,,,,,,,,,,,,
43,SIA/OR/IND2/21908/2018,,,,,,,,,,,,,,,,,,,,,,,,,,,,,,,,,,,,,,,,
44,SIA/OR/MIN/38665/2016,,,,,,,,,,,,,,,,,,,,,,,,,,,,,,,,,,,,,,,,
45,SIA/OR/IND/19604/2015,,,,,,,,,,,,,,,,,,,,,,,,,,,,,,,,,,,,,,,,
46,SIA/OR/IND2/21830/2018,,,,,,,,,,,,,,,,,,,,,,,,,,,,,,,,,,,,,,,,
47,SIA/OR/IND2/23250/2018,,,,,,,,,,,,,,,,,,,,,,,,,,,,,,,,,,,,,,,,
48,SIA/OR/MIN/63715/2017,,,,,,,,,,,,,,,,,,,,,,,,,,,,,,,,,,,,,,,,
49,SIA/OR/IND2/22141/2018,,,,,,,,,,,,,,,,,,,,,,,,,,,,,,,,,,,,,,,,
50,SIA/OR/IND2/26025/2018,,,,,,,,,,,,,,,,,,,,,,,,,,,,,,,,,,,,,,,,
51,SIA/OR/IND2/29047/2018,,,,,,,,,,,,,,,,,,,,,,,,,,,,,,,,,,,,,,,,
52,SIA/OR/MIN/402145/2022,,,,,,,,,,,,,,,,,,,,,,,,,,,,,,,,,,,,,,,,
53,SIA/OR/MIN/419420/2023,,,,,,,,,,,,,,,,,,,,,,,,,,,,,,,,,,,,,,,,
54,SIA/OR/IND2/23266/2018,,,,,,,,,,,,,,,,,,,,,,,,,,,,,,,,,,,,,,,,
55,SIA/OR/MIN/401811/2022,,,,,,,,,,,,,,,,,,,,,,,,,,,,,,,,,,,,,,,,
56,SIA/OR/MIN/75959/2018,,,,,,,,,,,,,,,,,,,,,,,,,,,,,,,,,,,,,,,,
57,SIA/OR/MIN/38079/2016,,,,,,,,,,,,,,,,,,,,,,,,,,,,,,,,,,,,,,,,
58,SIA/OR/MIN/83136/2022,,,,,,,,,,,,,,,,,,,,,,,,,,,,,,,,,,,,,,,,
59,SIA/OR/MIN/50808/2016,,,,,,,,,,,,,,,,,,,,,,,,,,,,,,,,,,,,,,,,
60,SIA/OR/MIN/404116/2022,,,,,,,,,,,,,,,,,,,,,,,,,,,,,,,,,,,,,,,,
61,SIA/OR/IND2/16695/2015,,,,,,,,,,,,,,,,,,,,,,,,,,,,,,,,,,,,,,,,
62,SIA/OR/IND2/22252/2018,,,,,,,,,,,,,,,,,,,,,,,,,,,,,,,,,,,,,,,,
63,SIA/OR/MIN/82131/2018,,,,,,,,,,,,,,,,,,,,,,,,,,,,,,,,,,,,,,,,
64,SIA/OR/MIN/425288/2023,,,,,,,,,,,,,,,,,,,,,,,,,,,,,,,,,,,,,,,,
65,SIA/OR/IND2/21783/2018,,,,,,,,,,,,,,,,,,,,,,,,,,,,,,,,,,,,,,,,
66,SIA/OR/IND2/22680/2018,,,,,,,,,,,,,,,,,,,,,,,,,,,,,,,,,,,,,,,,
67,SIA/OR/MIN/403463/2022,,,,,,,,,,,,,,,,,,,,,,,,,,,,,,,,,,,,,,,,
68,SIA/OR/MIN/405308/2022,,,,,,,,,,,,,,,,,,,,,,,,,,,,,,,,,,,,,,,,
69,SIA/OR/MIN/62047/2017,,,,,,,,,,,,,,,,,,,,,,,,,,,,,,,,,,,,,,,,
70,SIA/OR/IND2/27889/2018,,,,,,,,,,,,,,,,,,,,,,,,,,,,,,,,,,,,,,,,
71,SIA/OR/MIN/67715/2017,,,,,,,,,,,,,,,,,,,,,,,,,,,,,,,,,,,,,,,,
72,SIA/OR/IND2/20868/2017,,,,,,,,,,,,,,,,,,,,,,,,,,,,,,,,,,,,,,,,
73,SIA/OR/MIN/92155/2019,,,,,,,,,,,,,,,,,,,,,,,,,,,,,,,,,,,,,,,,
74,SIA/OR/MIN/49886/2016,,,,,,,,,,,,,,,,,,,,,,,,,,,,,,,,,,,,,,,,
75,SIA/OR/IND2/26184/2018,,,,,,,,,,,,,,,,,,,,,,,,,,,,,,,,,,,,,,,,
76,SIA/OR/MIN/42647/2016,,,,,,,,,,,,,,,,,,,,,,,,,,,,,,,,,,,,,,,,
77,SIA/OR/IND2/25912/2018,,,,,,,,,,,,,,,,,,,,,,,,,,,,,,,,,,,,,,,,
78,SIA/OR/IND2/23161/2018,,,,,,,,,,,,,,,,,,,,,,,,,,,,,,,,,,,,,,,,
79,SIA/OR/MIN/79639/2018,,,,,,,,,,,,,,,,,,,,,,,,,,,,,,,,,,,,,,,,
80,SIA/OR/MIN/417366/2023,,,,,,,,,,,,,,,,,,,,,,,,,,,,,,,,,,,,,,,,
81,SIA/OR/MIN/422346/2023,,,,,,,,,,,,,,,,,,,,,,,,,,,,,,,,,,,,,,,,
82,SIA/OR/IND2/22149/2018,,,,,,,,,,,,,,,,,,,,,,,,,,,,,,,,,,,,,,,,
83,SIA/OR/MIN/422764/2023,,,,,,,,,,,,,,,,,,,,,,,,,,,,,,,,,,,,,,,,
84,SIA/OR/IND2/26036/2018,,,,,,,,,,,,,,,,,,,,,,,,,,,,,,,,,,,,,,,,
85,SIA/OR/MIN/408894/2022,,,,,,,,,,,,,,,,,,,,,,,,,,,,,,,,,,,,,,,,
86,SIA/OR/MIN/411509/2022,,,,,,,,,,,,,,,,,,,,,,,,,,,,,,,,,,,,,,,,
87,SIA/OR/MIN/425812/2023,,,,,,,,,,,,,,,,,,,,,,,,,,,,,,,,,,,,,,,,
88,SIA/OR/IND2/21801/2018,,,,,,,,,,,,,,,,,,,,,,,,,,,,,,,,,,,,,,,,
89,SIA/OR/IND2/22721/2018,,,,,,,,,,,,,,,,,,,,,,,,,,,,,,,,,,,,,,,,
90,SIA/OR/IND2/22140/2018,,,,,,,,,,,,,,,,,,,,,,,,,,,,,,,,,,,,,,,,
91,SIA/OR/MIN/41505/2016,,,,,,,,,,,,,,,,,,,,,,,,,,,,,,,,,,,,,,,,
92,SIA/OR/IND2/26017/2018,,,,,,,,,,,,,,,,,,,,,,,,,,,,,,,,,,,,,,,,
93,SIA/OR/IND2/22474/2018,,,,,,,,,,,,,,,,,,,,,,,,,,,,,,,,,,,,,,,,
94,SIA/OR/MIN/403601/2022,,,,,,,,,,,,,,,,,,,,,,,,,,,,,,,,,,,,,,,,
95,SIA/OR/MIN/417777/2023,,,,,,,,,,,,,,,,,,,,,,,,,,,,,,,,,,,,,,,,
96,SIA/OR/IND2/28104/2018,,,,,,,,,,,,,,,,,,,,,,,,,,,,,,,,,,,,,,,,
97,SIA/OR/IND2/29175/2018,,,,,,,,,,,,,,,,,,,,,,,,,,,,,,,,,,,,,,,,
98,SIA/OR/MIN/50144/2016,,,,,,,,,,,,,,,,,,,,,,,,,,,,,,,,,,,,,,,,
99,SIA/OR/NCP/83491/2018,,,,,,,,,,,,,,,,,,,,,,,,,,,,,,,,,,,,,,,,
100,SIA/OR/IND2/21275/2017,,,,,,,,,,,,,,,,,,,,,,,,,,,,,,,,,,,,,,,,
101,SIA/OR/MIN/60451/2016,,,,,,,,,,,,,,,,,,,,,,,,,,,,,,,,,,,,,,,,
102,SIA/OR/MIN/36381/2015,,,,,,,,,,,,,,,,,,,,,,,,,,,,,,,,,,,,,,,,
103,SIA/OR/MIN/75440/2018,,,,,,,,,,,,,,,,,,,,,,,,,,,,,,,,,,,,,,,,
104,SIA/OR/MIN/50717/2016,,,,,,,,,,,,,,,,,,,,,,,,,,,,,,,,,,,,,,,,
105,SIA/OR/IND2/22649/2018,,,,,,,,,,,,,,,,,,,,,,,,,,,,,,,,,,,,,,,,
106,SIA/OR/MIN/42358/2016,,,,,,,,,,,,,,,,,,,,,,,,,,,,,,,,,,,,,,,,
107,SIA/OR/MIN/418587/2023,,,,,,,,,,,,,,,,,,,,,,,,,,,,,,,,,,,,,,,,
108,SIA/OR/IND2/20820/2017,,,,,,,,,,,,,,,,,,,,,,,,,,,,,,,,,,,,,,,,
109,SIA/OR/IND2/23211/2018,,,,,,,,,,,,,,,,,,,,,,,,,,,,,,,,,,,,,,,,
110,SIA/OR/IND2/23163/2018,,,,,,,,,,,,,,,,,,,,,,,,,,,,,,,,,,,,,,,,
111,SIA/OR/MIN/50816/2016,,,,,,,,,,,,,,,,,,,,,,,,,,,,,,,,,,,,,,,,
112,SIA/OR/IND2/22671/2018,,,,,,,,,,,,,,,,,,,,,,,,,,,,,,,,,,,,,,,,
113,SIA/OR/MIN/21948/2018,,,,,,,,,,,,,,,,,,,,,,,,,,,,,,,,,,,,,,,,
114,SIA/OR/MIN/60737/2016,,,,,,,,,,,,,,,,,,,,,,,,,,,,,,,,,,,,,,,,
115,SIA/OR/IND1/403785/2022,,,,,,,,,,,,,,,,,,,,,,,,,,,,,,,,,,,,,,,,
116,SIA/OR/MIN/405254/2022,,,,,,,,,,,,,,,,,,,,,,,,,,,,,,,,,,,,,,,,
117,SIA/OR/MIN/63226/2017,,,,,,,,,,,,,,,,,,,,,,,,,,,,,,,,,,,,,,,,
118,SIA/OR/MIN/416981/2023,,,,,,,,,,,,,,,,,,,,,,,,,,,,,,,,,,,,,,,,
119,SIA/OR/MIN/404533/2022,,,,,,,,,,,,,,,,,,,,,,,,,,,,,,,,,,,,,,,,
120,SIA/OR/MIN/37833/2016,,,,,,,,,,,,,,,,,,,,,,,,,,,,,,,,,,,,,,,,
121,SIA/OR/IND2/21636/2018,,,,,,,,,,,,,,,,,,,,,,,,,,,,,,,,,,,,,,,,
122,SIA/OR/MIN/53080/2016,,,,,,,,,,,,,,,,,,,,,,,,,,,,,,,,,,,,,,,,
123,SIA/OR/MIN/49814/2016,,,,,,,,,,,,,,,,,,,,,,,,,,,,,,,,,,,,,,,,
124,SIA/OR/IND2/21835/2018,,,,,,,,,,,,,,,,,,,,,,,,,,,,,,,,,,,,,,,,
125,SIA/OR/MIN/26224/2018,,,,,,,,,,,,,,,,,,,,,,,,,,,,,,,,,,,,,,,,
126,SIA/OR/MIN/48133/2016,,,,,,,,,,,,,,,,,,,,,,,,,,,,,,,,,,,,,,,,
127,SIA/OR/IND2/23236/2018,,,,,,,,,,,,,,,,,,,,,,,,,,,,,,,,,,,,,,,,
128,SIA/OR/MIN/414994/2023,,,,,,,,,,,,,,,,,,,,,,,,,,,,,,,,,,,,,,,,
129,SIA/OR/MIN/422956/2023,,,,,,,,,,,,,,,,,,,,,,,,,,,,,,,,,,,,,,,,
130,SIA/OR/MIN/42361/2016,,,,,,,,,,,,,,,,,,,,,,,,,,,,,,,,,,,,,,,,
131,SIA/OR/IND2/27936/2018,,,,,,,,,,,,,,,,,,,,,,,,,,,,,,,,,,,,,,,,
132,SIA/OR/MIN/35213/2015,,,,,,,,,,,,,,,,,,,,,,,,,,,,,,,,,,,,,,,,
133,SIA/OR/MIN/427488/2023,,,,,,,,,,,,,,,,,,,,,,,,,,,,,,,,,,,,,,,,
134,SIA/OR/MIN/62046/2017,,,,,,,,,,,,,,,,,,,,,,,,,,,,,,,,,,,,,,,,
135,SIA/OR/MIN/41773/2016,,,,,,,,,,,,,,,,,,,,,,,,,,,,,,,,,,,,,,,,
136,SIA/OR/IND2/23870/2018,,,,,,,,,,,,,,,,,,,,,,,,,,,,,,,,,,,,,,,,
137,SIA/OR/IND2/28825/2018,,,,,,,,,,,,,,,,,,,,,,,,,,,,,,,,,,,,,,,,
138,SIA/OR/MIN/75554/2018,,,,,,,,,,,,,,,,,,,,,,,,,,,,,,,,,,,,,,,,
139,SIA/OR/MIN/49152/2016,,,,,,,,,,,,,,,,,,,,,,,,,,,,,,,,,,,,,,,,
140,SIA/OR/MIN/416959/2023,,,,,,,,,,,,,,,,,,,,,,,,,,,,,,,,,,,,,,,,
141,SIA/OR/MIN/423558/2023,,,,,,,,,,,,,,,,,,,,,,,,,,,,,,,,,,,,,,,,
142,SIA/OR/MIN/49912/2016,,,,,,,,,,,,,,,,,,,,,,,,,,,,,,,,,,,,,,,,
143,SIA/OR/MIN/74830/2018,,,,,,,,,,,,,,,,,,,,,,,,,,,,,,,,,,,,,,,,
144,SIA/OR/MIN/49927/2016,,,,,,,,,,,,,,,,,,,,,,,,,,,,,,,,,,,,,,,,
146,SIA/OR/MIN/50146/2016,,,,,,,,,,,,,,,,,,,,,,,,,,,,,,,,,,,,,,,,
147,SIA/OR/MIN/38070/2016,,,,,,,,,,,,,,,,,,,,,,,,,,,,,,,,,,,,,,,,
148,SIA/OR/MIN/59223/2016,,,,,,,,,,,,,,,,,,,,,,,,,,,,,,,,,,,,,,,,
149,SIA/OR/MIN/17871/2015,,,,,,,,,,,,,,,,,,,,,,,,,,,,,,,,,,,,,,,,
150,SIA/OR/MIN/404436/2022,,,,,,,,,,,,,,,,,,,,,,,,,,,,,,,,,,,,,,,,
151,SIA/OR/MIN/37956/2016,,,,,,,,,,,,,,,,,,,,,,,,,,,,,,,,,,,,,,,,
152,SIA/OR/MIN/50474/2016,,,,,,,,,,,,,,,,,,,,,,,,,,,,,,,,,,,,,,,,
153,SIA/OR/IND2/21894/2018,,,,,,,,,,,,,,,,,,,,,,,,,,,,,,,,,,,,,,,,
154,SIA/OR/IND2/420041/2023,,,,,,,,,,,,,,,,,,,,,,,,,,,,,,,,,,,,,,,,
155,SIA/OR/IND2/23865/2018,,,,,,,,,,,,,,,,,,,,,,,,,,,,,,,,,,,,,,,,
156,SIA/OR/INFRA2/427722/2023,,,,,,,,,,,,,,,,,,,,,,,,,,,,,,,,,,,,,,,,
157,SIA/OR/MIN/74589/2018,,,,,,,,,,,,,,,,,,,,,,,,,,,,,,,,,,,,,,,,
158,SIA/OR/MIN/58930/2016,,,,,,,,,,,,,,,,,,,,,,,,,,,,,,,,,,,,,,,,
159,SIA/OR/MIN/50530/2016,,,,,,,,,,,,,,,,,,,,,,,,,,,,,,,,,,,,,,,,
160,SIA/OR/IND2/21032/2016,,,,,,,,,,,,,,,,,,,,,,,,,,,,,,,,,,,,,,,,
161,SIA/OR/MIN/410344/2022,,,,,,,,,,,,,,,,,,,,,,,,,,,,,,,,,,,,,,,,
162,SIA/OR/MIN/62688/2017,,,,,,,,,,,,,,,,,,,,,,,,,,,,,,,,,,,,,,,,
163,SIA/OR/MIN/62061/2017,,,,,,,,,,,,,,,,,,,,,,,,,,,,,,,,,,,,,,,,
164,SIA/OR/IND2/22729/2018,,,,,,,,,,,,,,,,,,,,,,,,,,,,,,,,,,,,,,,,
165,SIA/OR/MIN/418119/2023,,,,,,,,,,,,,,,,,,,,,,,,,,,,,,,,,,,,,,,,
166,SIA/OR/MIN/49695/2016,,,,,,,,,,,,,,,,,,,,,,,,,,,,,,,,,,,,,,,,
167,SIA/OR/INFRA2/401962/2022,,,,,,,,,,,,,,,,,,,,,,,,,,,,,,,,,,,,,,,,
168,SIA/OR/IND2/25943/2018,,,,,,,,,,,,,,,,,,,,,,,,,,,,,,,,,,,,,,,,
169,SIA/OR/MIN/39082/2016,,,,,,,,,,,,,,,,,,,,,,,,,,,,,,,,,,,,,,,,
170,SIA/OR/IND2/22719/2018,,,,,,,,,,,,,,,,,,,,,,,,,,,,,,,,,,,,,,,,
171,SIA/OR/MIN/48134/2016,,,,,,,,,,,,,,,,,,,,,,,,,,,,,,,,,,,,,,,,
172,SIA/OR/MIN/412346/2022,,,,,,,,,,,,,,,,,,,,,,,,,,,,,,,,,,,,,,,,
173,SIA/OR/INFRA2/404906/2022,,,,,,,,,,,,,,,,,,,,,,,,,,,,,,,,,,,,,,,,
174,SIA/OR/IND2/21828/2018,,,,,,,,,,,,,,,,,,,,,,,,,,,,,,,,,,,,,,,,
175,SIA/OR/IND2/28067/2018,,,,,,,,,,,,,,,,,,,,,,,,,,,,,,,,,,,,,,,,
176,SIA/OR/MIN/59591/2016,,,,,,,,,,,,,,,,,,,,,,,,,,,,,,,,,,,,,,,,
177,SIA/OR/IND2/26083/2018,,,,,,,,,,,,,,,,,,,,,,,,,,,,,,,,,,,,,,,,
178,SIA/OR/IND2/28971/2018,,,,,,,,,,,,,,,,,,,,,,,,,,,,,,,,,,,,,,,,
179,SIA/OR/MIN/416146/2023,,,,,,,,,,,,,,,,,,,,,,,,,,,,,,,,,,,,,,,,
180,SIA/OR/MIN/48242/2016,,,,,,,,,,,,,,,,,,,,,,,,,,,,,,,,,,,,,,,,
181,SIA/OR/IND2/22306/2018,,,,,,,,,,,,,,,,,,,,,,,,,,,,,,,,,,,,,,,,
182,SIA/OR/MIN/402571/2022,,,,,,,,,,,,,,,,,,,,,,,,,,,,,,,,,,,,,,,,
183,SIA/OR/MIN/62283/2017,,,,,,,,,,,,,,,,,,,,,,,,,,,,,,,,,,,,,,,,
184,SIA/OR/NCP/84976/2018,,,,,,,,,,,,,,,,,,,,,,,,,,,,,,,,,,,,,,,,
185,SIA/OR/MIN/35925/2015,,,,,,,,,,,,,,,,,,,,,,,,,,,,,,,,,,,,,,,,
186,SIA/OR/MIN/50069/2016,,,,,,,,,,,,,,,,,,,,,,,,,,,,,,,,,,,,,,,,
187,SIA/OR/IND2/22302/2018,,,,,,,,,,,,,,,,,,,,,,,,,,,,,,,,,,,,,,,,
188,SIA/OR/MIN/63790/2017,,,,,,,,,,,,,,,,,,,,,,,,,,,,,,,,,,,,,,,,
189,SIA/OR/IND2/29455/2018,,,,,,,,,,,,,,,,,,,,,,,,,,,,,,,,,,,,,,,,
190,SIA/OR/MIN/65196/2017,,,,,,,,,,,,,,,,,,,,,,,,,,,,,,,,,,,,,,,,
191,SIA/OR/MIN/73924/2018,,,,,,,,,,,,,,,,,,,,,,,,,,,,,,,,,,,,,,,,
192,SIA/OR/MIN/41245/2016,,,,,,,,,,,,,,,,,,,,,,,,,,,,,,,,,,,,,,,,
193,SIA/OR/MIN/407172/2022,,,,,,,,,,,,,,,,,,,,,,,,,,,,,,,,,,,,,,,,
194,SIA/OR/MIN/406173/2022,,,,,,,,,,,,,,,,,,,,,,,,,,,,,,,,,,,,,,,,
195,SIA/OR/IND2/25952/2018,,,,,,,,,,,,,,,,,,,,,,,,,,,,,,,,,,,,,,,,
196,SIA/OR/MIN/48041/2016,,,,,,,,,,,,,,,,,,,,,,,,,,,,,,,,,,,,,,,,
197,SIA/OR/MIN/429165/2023,,,,,,,,,,,,,,,,,,,,,,,,,,,,,,,,,,,,,,,,
198,SIA/OR/CMIN/405212/2022,,,,,,,,,,,,,,,,,,,,,,,,,,,,,,,,,,,,,,,,
199,SIA/OR/IND2/21822/2018,,,,,,,,,,,,,,,,,,,,,,,,,,,,,,,,,,,,,,,,
200,SIA/OR/NCP/21080/2017,,,,,,,,,,,,,,,,,,,,,,,,,,,,,,,,,,,,,,,,
201,SIA/OR/MIN/405715/2022,,,,,,,,,,,,,,,,,,,,,,,,,,,,,,,,,,,,,,,,
202,SIA/OR/MIN/39080/2016,,,,,,,,,,,,,,,,,,,,,,,,,,,,,,,,,,,,,,,,
203,SIA/OR/NCP/10375/2015,,,,,,,,,,,,,,,,,,,,,,,,,,,,,,,,,,,,,,,,
204,SIA/OR/IND2/25640/2018,,,,,,,,,,,,,,,,,,,,,,,,,,,,,,,,,,,,,,,,
205,SIA/OR/NCP/22323/2017,,,,,,,,,,,,,,,,,,,,,,,,,,,,,,,,,,,,,,,,
206,SIA/OR/MIN/37940/2016,,,,,,,,,,,,,,,,,,,,,,,,,,,,,,,,,,,,,,,,
207,SIA/OR/MIN/409882/2022,,,,,,,,,,,,,,,,,,,,,,,,,,,,,,,,,,,,,,,,
208,SIA/OR/MIN/16765/2014,,,,,,,,,,,,,,,,,,,,,,,,,,,,,,,,,,,,,,,,
209,SIA/OR/MIN/49632/2016,,,,,,,,,,,,,,,,,,,,,,,,,,,,,,,,,,,,,,,,
210,SIA/OR/MIN/38608/2016,,,,,,,,,,,,,,,,,,,,,,,,,,,,,,,,,,,,,,,,
211,SIA/OR/IND2/425934/2023,,,,,,,,,,,,,,,,,,,,,,,,,,,,,,,,,,,,,,,,
212,SIA/OR/IND2/22261/2018,,,,,,,,,,,,,,,,,,,,,,,,,,,,,,,,,,,,,,,,
213,SIA/OR/MIN/67068/2017,,,,,,,,,,,,,,,,,,,,,,,,,,,,,,,,,,,,,,,,
214,SIA/OR/MIN/28350/2018,,,,,,,,,,,,,,,,,,,,,,,,,,,,,,,,,,,,,,,,
215,SIA/OR/IND2/28185/2018,,,,,,,,,,,,,,,,,,,,,,,,,,,,,,,,,,,,,,,,
216,SIA/OR/NCP/75210/2018,,,,,,,,,,,,,,,,,,,,,,,,,,,,,,,,,,,,,,,,
217,SIA/OR/MIN/52526/2016,,,,,,,,,,,,,,,,,,,,,,,,,,,,,,,,,,,,,,,,
218,SIA/OR/INFRA2/422946/2023,,,,,,,,,,,,,,,,,,,,,,,,,,,,,,,,,,,,,,,,
219,SIA/OR/IND2/22310/2018,,,,,,,,,,,,,,,,,,,,,,,,,,,,,,,,,,,,,,,,
9,SIA/OR/MIN/414227/2023,,,,,,,,,,,,,,,,,,,,,,,,,,,,,,,,,,,,,,,,
10,SIA/OR/IND2/21629/2018,,,,,,,,,,,,,,,,,,,,,,,,,,,,,,,,,,,,,,,,
11,SIA/OR/MIN/414615/2023,,,,,,,,,,,,,,,,,,,,,,,,,,,,,,,,,,,,,,,,
12,SIA/OR/MIN/42369/2016,,,,,,,,,,,,,,,,,,,,,,,,,,,,,,,,,,,,,,,,
13,SIA/OR/MIN/36661/2015,,,,,,,,,,,,,,,,,,,,,,,,,,,,,,,,,,,,,,,,
21,SIA/OR/MIN/419481/2023,,,,,,,,,,,,,,,,,,,,,,,,,,,,,,,,,,,,,,,,
22,SIA/OR/MIN/37826/2016,,,,,,,,,,,,,,,,,,,,,,,,,,,,,,,,,,,,,,,,
108,SIA/OR/INFRA2/408006/2022,,,,,,,,,,,,,,,,,,,,,,,,,,,,,,,,,,,,,,,,
109,SIA/OR/MIN/421786/2023,,,,,,,,,,,,,,,,,,,,,,,,,,,,,,,,,,,,,,,,
111,SIA/OR/MIN/63807/2017,,,,,,,,,,,,,,,,,,,,,,,,,,,,,,,,,,,,,,,,
112,SIA/OR/IND2/72548/2018,,,,,,,,,,,,,,,,,,,,,,,,,,,,,,,,,,,,,,,,
113,SIA/OR/IND2/22488/2018,,,,,,,,,,,,,,,,,,,,,,,,,,,,,,,,,,,,,,,,
114,SIA/OR/MIN/60207/2016,,,,,,,,,,,,,,,,,,,,,,,,,,,,,,,,,,,,,,,,
115,SIA/OR/IND2/19523/2017,,,,,,,,,,,,,,,,,,,,,,,,,,,,,,,,,,,,,,,,
116,SIA/OR/MIN/29806/2016,,,,,,,,,,,,,,,,,,,,,,,,,,,,,,,,,,,,,,,,
117,SIA/OR/IND2/29028/2018,,,,,,,,,,,,,,,,,,,,,,,,,,,,,,,,,,,,,,,,
118,SIA/OR/MIN/51738/2016,,,,,,,,,,,,,,,,,,,,,,,,,,,,,,,,,,,,,,,,
119,SIA/OR/IND2/28062/2018,,,,,,,,,,,,,,,,,,,,,,,,,,,,,,,,,,,,,,,,
120,SIA/OR/MIN/405118/2022,,,,,,,,,,,,,,,,,,,,,,,,,,,,,,,,,,,,,,,,
121,SIA/OR/MIN/39078/2016,,,,,,,,,,,,,,,,,,,,,,,,,,,,,,,,,,,,,,,,
122,SIA/OR/MIN/49972/2016,,,,,,,,,,,,,,,,,,,,,,,,,,,,,,,,,,,,,,,,
123,SIA/OR/IND2/23269/2018,,,,,,,,,,,,,,,,,,,,,,,,,,,,,,,,,,,,,,,,
124,SIA/OR/MIN/424762/2023,,,,,,,,,,,,,,,,,,,,,,,,,,,,,,,,,,,,,,,,
125,SIA/OR/MIN/404213/2022,,,,,,,,,,,,,,,,,,,,,,,,,,,,,,,,,,,,,,,,
126,SIA/OR/MIN/36742/2015,,,,,,,,,,,,,,,,,,,,,,,,,,,,,,,,,,,,,,,,
132,SIA/OR/MIN/70859/2017,,,,,,,,,,,,,,,,,,,,,,,,,,,,,,,,,,,,,,,,
137,SIA/OR/MIN/20615/2017,,,,,,,,,,,,,,,,,,,,,,,,,,,,,,,,,,,,,,,,
138,SIA/OR/IND2/25625/2018,,,,,,,,,,,,,,,,,,,,,,,,,,,,,,,,,,,,,,,,
139,SIA/OR/MIN/409777/2022,,,,,,,,,,,,,,,,,,,,,,,,,,,,,,,,,,,,,,,,
140,SIA/OR/IND2/22144/2018,,,,,,,,,,,,,,,,,,,,,,,,,,,,,,,,,,,,,,,,
141,SIA/OR/MIN/37939/2016,,,,,,,,,,,,,,,,,,,,,,,,,,,,,,,,,,,,,,,,
144,SIA/OR/MIN/53566/2016,,,,,,,,,,,,,,,,,,,,,,,,,,,,,,,,,,,,,,,,
145,SIA/OR/MIN/49112/2016,,,,,,,,,,,,,,,,,,,,,,,,,,,,,,,,,,,,,,,,
146,SIA/OR/MIN/37816/2016,,,,,,,,,,,,,,,,,,,,,,,,,,,,,,,,,,,,,,,,
147,SIA/OR/MIN/28483/2018,,,,,,,,,,,,,,,,,,,,,,,,,,,,,,,,,,,,,,,,
148,SIA/OR/IND2/26173/2018,,,,,,,,,,,,,,,,,,,,,,,,,,,,,,,,,,,,,,,,
149,SIA/OR/IND2/28189/2018,,,,,,,,,,,,,,,,,,,,,,,,,,,,,,,,,,,,,,,,
150,SIA/OR/MIN/63826/2017,,,,,,,,,,,,,,,,,,,,,,,,,,,,,,,,,,,,,,,,
151,SIA/OR/IND2/22724/2018,,,,,,,,,,,,,,,,,,,,,,,,,,,,,,,,,,,,,,,,
156,SIA/OR/MIN/64662/2017,,,,,,,,,,,,,,,,,,,,,,,,,,,,,,,,,,,,,,,,
157,SIA/OR/MIN/414416/2023,,,,,,,,,,,,,,,,,,,,,,,,,,,,,,,,,,,,,,,,
158,SIA/OR/MIN/35204/2015,,,,,,,,,,,,,,,,,,,,,,,,,,,,,,,,,,,,,,,,
159,SIA/OR/IND/29913/2017,,,,,,,,,,,,,,,,,,,,,,,,,,,,,,,,,,,,,,,,
160,SIA/OR/MIN/41209/2016,,,,,,,,,,,,,,,,,,,,,,,,,,,,,,,,,,,,,,,,
161,SIA/OR/MIN/407367/2022,,,,,,,,,,,,,,,,,,,,,,,,,,,,,,,,,,,,,,,,
162,SIA/OR/IND2/22047/2018,,,,,,,,,,,,,,,,,,,,,,,,,,,,,,,,,,,,,,,,
163,SIA/OR/IND2/21780/2018,,,,,,,,,,,,,,,,,,,,,,,,,,,,,,,,,,,,,,,,
164,SIA/OR/MIN/403572/2022,,,,,,,,,,,,,,,,,,,,,,,,,,,,,,,,,,,,,,,,
165,SIA/OR/MIN/53082/2016,,,,,,,,,,,,,,,,,,,,,,,,,,,,,,,,,,,,,,,,
166,SIA/OR/MIN/18055/2016,,,,,,,,,,,,,,,,,,,,,,,,,,,,,,,,,,,,,,,,
167,SIA/OR/IND2/28962/2018,,,,,,,,,,,,,,,,,,,,,,,,,,,,,,,,,,,,,,,,
168,SIA/OR/IND2/21881/2018,,,,,,,,,,,,,,,,,,,,,,,,,,,,,,,,,,,,,,,,
169,SIA/OR/MIN/20996/2016,,,,,,,,,,,,,,,,,,,,,,,,,,,,,,,,,,,,,,,,
170,SIA/OR/MIN/48132/2016,,,,,,,,,,,,,,,,,,,,,,,,,,,,,,,,,,,,,,,,
171,SIA/OR/MIN/426799/2023,,,,,,,,,,,,,,,,,,,,,,,,,,,,,,,,,,,,,,,,
178,SIA/OR/IND2/21893/2018,,,,,,,,,,,,,,,,,,,,,,,,,,,,,,,,,,,,,,,,
179,SIA/OR/MIN/63366/2017,,,,,,,,,,,,,,,,,,,,,,,,,,,,,,,,,,,,,,,,
180,SIA/OR/MIN/428620/2023,,,,,,,,,,,,,,,,,,,,,,,,,,,,,,,,,,,,,,,,
182,SIA/OR/IND2/27914/2018,,,,,,,,,,,,,,,,,,,,,,,,,,,,,,,,,,,,,,,,
183,SIA/OR/IND2/22670/2018,,,,,,,,,,,,,,,,,,,,,,,,,,,,,,,,,,,,,,,,
184,SIA/OR/MIN/4698/2015,,,,,,,,,,,,,,,,,,,,,,,,,,,,,,,,,,,,,,,,
185,SIA/OR/IND2/23216/2018,,,,,,,,,,,,,,,,,,,,,,,,,,,,,,,,,,,,,,,,
190,SIA/OR/MIN/403653/2022,,,,,,,,,,,,,,,,,,,,,,,,,,,,,,,,,,,,,,,,
191,SIA/OR/MIN/55744/2016,,,,,,,,,,,,,,,,,,,,,,,,,,,,,,,,,,,,,,,,
192,SIA/OR/IND2/26070/2018,,,,,,,,,,,,,,,,,,,,,,,,,,,,,,,,,,,,,,,,
193,SIA/OR/IND2/22566/2018,,,,,,,,,,,,,,,,,,,,,,,,,,,,,,,,,,,,,,,,
194,SIA/OR/IND2/29026/2018,,,,,,,,,,,,,,,,,,,,,,,,,,,,,,,,,,,,,,,,
195,SIA/OR/IND2/21897/2018,,,,,,,,,,,,,,,,,,,,,,,,,,,,,,,,,,,,,,,,
196,SIA/OR/IND2/23325/2018,,,,,,,,,,,,,,,,,,,,,,,,,,,,,,,,,,,,,,,,
197,SIA/OR/MIN/424072/2023,,,,,,,,,,,,,,,,,,,,,,,,,,,,,,,,,,,,,,,,
198,SIA/OR/MIN/61217/2016,,,,,,,,,,,,,,,,,,,,,,,,,,,,,,,,,,,,,,,,
199,SIA/OR/MIN/41297/2016,,,,,,,,,,,,,,,,,,,,,,,,,,,,,,,,,,,,,,,,
200,SIA/OR/MIN/404437/2022,,,,,,,,,,,,,,,,,,,,,,,,,,,,,,,,,,,,,,,,
201,SIA/OR/MIN/52223/2016,,,,,,,,,,,,,,,,,,,,,,,,,,,,,,,,,,,,,,,,
202,SIA/OR/IND2/26157/2018,,,,,,,,,,,,,,,,,,,,,,,,,,,,,,,,,,,,,,,,
203,SIA/OR/MIN/53084/2016,,,,,,,,,,,,,,,,,,,,,,,,,,,,,,,,,,,,,,,,
204,SIA/OR/MIN/63504/2017,,,,,,,,,,,,,,,,,,,,,,,,,,,,,,,,,,,,,,,,
205,SIA/OR/IND2/22650/2018,,,,,,,,,,,,,,,,,,,,,,,,,,,,,,,,,,,,,,,,
206,SIA/OR/IND2/26161/2018,,,,,,,,,,,,,,,,,,,,,,,,,,,,,,,,,,,,,,,,
207,SIA/OR/MIN/35664/2015,,,,,,,,,,,,,,,,,,,,,,,,,,,,,,,,,,,,,,,,
208,SIA/OR/IND2/72540/2018,,,,,,,,,,,,,,,,,,,,,,,,,,,,,,,,,,,,,,,,
209,SIA/OR/IND1/406696/2022,,,,,,,,,,,,,,,,,,,,,,,,,,,,,,,,,,,,,,,,
210,SIA/OR/IND2/21721/2018,,,,,,,,,,,,,,,,,,,,,,,,,,,,,,,,,,,,,,,,
214,SIA/OR/MIN/35912/2015,,,,,,,,,,,,,,,,,,,,,,,,,,,,,,,,,,,,,,,,
224,SIA/OR/IND2/25639/2018,,,,,,,,,,,,,,,,,,,,,,,,,,,,,,,,,,,,,,,,
225,SIA/OR/MIN/62060/2017,,,,,,,,,,,,,,,,,,,,,,,,,,,,,,,,,,,,,,,,
226,SIA/OR/MIN/75788/2018,,,,,,,,,,,,,,,,,,,,,,,,,,,,,,,,,,,,,,,,
227,SIA/OR/NCP/71809/2017,,,,,,,,,,,,,,,,,,,,,,,,,,,,,,,,,,,,,,,,
228,SIA/OR/IND2/22327/2018,,,,,,,,,,,,,,,,,,,,,,,,,,,,,,,,,,,,,,,,
229,SIA/OR/IND2/28842/2018,,,,,,,,,,,,,,,,,,,,,,,,,,,,,,,,,,,,,,,,
234,SIA/OR/MIN/428878/2023,,,,,,,,,,,,,,,,,,,,,,,,,,,,,,,,,,,,,,,,
235,SIA/OR/MIN/41508/2016,,,,,,,,,,,,,,,,,,,,,,,,,,,,,,,,,,,,,,,,
236,SIA/OR/IND2/416925/2023,,,,,,,,,,,,,,,,,,,,,,,,,,,,,,,,,,,,,,,,
237,SIA/OR/MIN/408955/2022,,,,,,,,,,,,,,,,,,,,,,,,,,,,,,,,,,,,,,,,
238,SIA/OR/IND2/23143/2018,,,,,,,,,,,,,,,,,,,,,,,,,,,,,,,,,,,,,,,,
239,SIA/OR/MIN/64254/2017,,,,,,,,,,,,,,,,,,,,,,,,,,,,,,,,,,,,,,,,
240,SIA/OR/MIN/37842/2016,,,,,,,,,,,,,,,,,,,,,,,,,,,,,,,,,,,,,,,,
241,SIA/OR/IND2/21761/2018,,,,,,,,,,,,,,,,,,,,,,,,,,,,,,,,,,,,,,,,
242,SIA/OR/IND2/21906/2018,,,,,,,,,,,,,,,,,,,,,,,,,,,,,,,,,,,,,,,,
243,SIA/OR/MIS/30293/2017,,,,,,,,,,,,,,,,,,,,,,,,,,,,,,,,,,,,,,,,
244,SIA/OR/MIN/52531/2016,,,,,,,,,,,,,,,,,,,,,,,,,,,,,,,,,,,,,,,,
245,SIA/OR/IND2/22147/2018,,,,,,,,,,,,,,,,,,,,,,,,,,,,,,,,,,,,,,,,
246,SIA/OR/MIN/57476/2016,,,,,,,,,,,,,,,,,,,,,,,,,,,,,,,,,,,,,,,,
247,SIA/OR/INFRA2/411058/2022,,,,,,,,,,,,,,,,,,,,,,,,,,,,,,,,,,,,,,,,
248,SIA/OR/MIN/406076/2022,,,,,,,,,,,,,,,,,,,,,,,,,,,,,,,,,,,,,,,,
249,SIA/OR/MIN/74955/2018,,,,,,,,,,,,,,,,,,,,,,,,,,,,,,,,,,,,,,,,
250,SIA/OR/MIN/74613/2018,,,,,,,,,,,,,,,,,,,,,,,,,,,,,,,,,,,,,,,,
251,SIA/OR/MIN/416322/2023,,,,,,,,,,,,,,,,,,,,,,,,,,,,,,,,,,,,,,,,
252,SIA/OR/IND2/21887/2018,,,,,,,,,,,,,,,,,,,,,,,,,,,,,,,,,,,,,,,,
253,SIA/OR/MIN/38801/2016,,,,,,,,,,,,,,,,,,,,,,,,,,,,,,,,,,,,,,,,
254,SIA/OR/MIN/406562/2022,,,,,,,,,,,,,,,,,,,,,,,,,,,,,,,,,,,,,,,,
255,SIA/OR/THE/415567/2023,,,,,,,,,,,,,,,,,,,,,,,,,,,,,,,,,,,,,,,,
256,SIA/OR/MIN/74933/2018,,,,,,,,,,,,,,,,,,,,,,,,,,,,,,,,,,,,,,,,
257,SIA/OR/MIN/63714/2017,,,,,,,,,,,,,,,,,,,,,,,,,,,,,,,,,,,,,,,,
258,SIA/OR/IND2/22669/2018,,,,,,,,,,,,,,,,,,,,,,,,,,,,,,,,,,,,,,,,
259,SIA/OR/MIN/58683/2016,,,,,,,,,,,,,,,,,,,,,,,,,,,,,,,,,,,,,,,,
260,SIA/OR/MIN/415503/2023,,,,,,,,,,,,,,,,,,,,,,,,,,,,,,,,,,,,,,,,
261,SIA/OR/MIN/66107/2017,,,,,,,,,,,,,,,,,,,,,,,,,,,,,,,,,,,,,,,,
262,SIA/OR/MIN/39029/2016,,,,,,,,,,,,,,,,,,,,,,,,,,,,,,,,,,,,,,,,
263,SIA/OR/IND2/20920/2017,,,,,,,,,,,,,,,,,,,,,,,,,,,,,,,,,,,,,,,,
264,SIA/OR/MIN/59132/2016,,,,,,,,,,,,,,,,,,,,,,,,,,,,,,,,,,,,,,,,
265,SIA/OR/MIN/403338/2022,,,,,,,,,,,,,,,,,,,,,,,,,,,,,,,,,,,,,,,,
266,SIA/OR/MIN/402117/2022,,,,,,,,,,,,,,,,,,,,,,,,,,,,,,,,,,,,,,,,
267,SIA/OR/IND2/21785/2018,,,,,,,,,,,,,,,,,,,,,,,,,,,,,,,,,,,,,,,,
268,SIA/OR/MIN/61828/2017,,,,,,,,,,,,,,,,,,,,,,,,,,,,,,,,,,,,,,,,
269,SIA/OR/MIN/429072/2023,,,,,,,,,,,,,,,,,,,,,,,,,,,,,,,,,,,,,,,,
270,SIA/OR/MIN/38605/2016,,,,,,,,,,,,,,,,,,,,,,,,,,,,,,,,,,,,,,,,
271,SIA/OR/IND2/20891/2017,,,,,,,,,,,,,,,,,,,,,,,,,,,,,,,,,,,,,,,,
272,SIA/OR/IND2/25985/2018,,,,,,,,,,,,,,,,,,,,,,,,,,,,,,,,,,,,,,,,
273,SIA/OR/MIN/403968/2022,,,,,,,,,,,,,,,,,,,,,,,,,,,,,,,,,,,,,,,,
274,SIA/OR/IND2/22681/2018,,,,,,,,,,,,,,,,,,,,,,,,,,,,,,,,,,,,,,,,
275,SIA/OR/MIN/404431/2022,,,,,,,,,,,,,,,,,,,,,,,,,,,,,,,,,,,,,,,,
276,SIA/OR/IND2/22548/2018,,,,,,,,,,,,,,,,,,,,,,,,,,,,,,,,,,,,,,,,
277,SIA/OR/MIN/41776/2016,,,,,,,,,,,,,,,,,,,,,,,,,,,,,,,,,,,,,,,,
278,SIA/OR/IND2/22678/2018,,,,,,,,,,,,,,,,,,,,,,,,,,,,,,,,,,,,,,,,
279,SIA/OR/IND2/23220/2018,,,,,,,,,,,,,,,,,,,,,,,,,,,,,,,,,,,,,,,,
280,SIA/OR/MIN/406639/2022,,,,,,,,,,,,,,,,,,,,,,,,,,,,,,,,,,,,,,,,
281,SIA/OR/MIN/17829/2013,,,,,,,,,,,,,,,,,,,,,,,,,,,,,,,,,,,,,,,,
282,SIA/OR/IND2/21691/2018,,,,,,,,,,,,,,,,,,,,,,,,,,,,,,,,,,,,,,,,
283,SIA/OR/IND2/25812/2018,,,,,,,,,,,,,,,,,,,,,,,,,,,,,,,,,,,,,,,,
290,SIA/OR/IND2/27937/2018,,,,,,,,,,,,,,,,,,,,,,,,,,,,,,,,,,,,,,,,
291,SIA/OR/MIN/428019/2023,,,,,,,,,,,,,,,,,,,,,,,,,,,,,,,,,,,,,,,,
292,SIA/OR/MIN/411370/2022,,,,,,,,,,,,,,,,,,,,,,,,,,,,,,,,,,,,,,,,
293,SIA/OR/MIN/417174/2023,,,,,,,,,,,,,,,,,,,,,,,,,,,,,,,,,,,,,,,,
294,SIA/OR/IND2/21637/2018,,,,,,,,,,,,,,,,,,,,,,,,,,,,,,,,,,,,,,,,
295,SIA/OR/IND2/20818/2017,,,,,,,,,,,,,,,,,,,,,,,,,,,,,,,,,,,,,,,,
296,SIA/OR/MIN/74681/2018,,,,,,,,,,,,,,,,,,,,,,,,,,,,,,,,,,,,,,,,
297,SIA/OR/INFRA2/427980/2023,,,,,,,,,,,,,,,,,,,,,,,,,,,,,,,,,,,,,,,,
298,SIA/OR/MIN/78743/2018,,,,,,,,,,,,,,,,,,,,,,,,,,,,,,,,,,,,,,,,
299,SIA/OR/IND2/23268/2018,,,,,,,,,,,,,,,,,,,,,,,,,,,,,,,,,,,,,,,,
300,SIA/OR/MIN/71609/2017,,,,,,,,,,,,,,,,,,,,,,,,,,,,,,,,,,,,,,,,
301,SIA/OR/NCP/74935/2018,,,,,,,,,,,,,,,,,,,,,,,,,,,,,,,,,,,,,,,,
302,SIA/OR/IND2/23272/2018,,,,,,,,,,,,,,,,,,,,,,,,,,,,,,,,,,,,,,,,
303,SIA/OR/MIN/64316/2017,,,,,,,,,,,,,,,,,,,,,,,,,,,,,,,,,,,,,,,,
304,SIA/OR/MIN/424669/2023,,,,,,,,,,,,,,,,,,,,,,,,,,,,,,,,,,,,,,,,
305,SIA/OR/MIN/39158/2016,,,,,,,,,,,,,,,,,,,,,,,,,,,,,,,,,,,,,,,,
306,SIA/OR/MIN/40136/2016,,,,,,,,,,,,,,,,,,,,,,,,,,,,,,,,,,,,,,,,
307,SIA/OR/IND2/23117/2018,,,,,,,,,,,,,,,,,,,,,,,,,,,,,,,,,,,,,,,,
308,SIA/OR/IND2/22582/2018,,,,,,,,,,,,,,,,,,,,,,,,,,,,,,,,,,,,,,,,
309,SIA/OR/MIN/60445/2016,,,,,,,,,,,,,,,,,,,,,,,,,,,,,,,,,,,,,,,,
310,SIA/OR/MIN/42365/2016,,,,,,,,,,,,,,,,,,,,,,,,,,,,,,,,,,,,,,,,
311,SIA/OR/MIN/429135/2023,,,,,,,,,,,,,,,,,,,,,,,,,,,,,,,,,,,,,,,,
312,SIA/OR/IND2/22644/2018,,,,,,,,,,,,,,,,,,,,,,,,,,,,,,,,,,,,,,,,
313,SIA/OR/MIN/415407/2023,,,,,,,,,,,,,,,,,,,,,,,,,,,,,,,,,,,,,,,,
314,SIA/OR/NCP/59415/2016,,,,,,,,,,,,,,,,,,,,,,,,,,,,,,,,,,,,,,,,
315,SIA/OR/INFRA2/418519/2023,,,,,,,,,,,,,,,,,,,,,,,,,,,,,,,,,,,,,,,,
316,SIA/OR/MIN/80682/2018,,,,,,,,,,,,,,,,,,,,,,,,,,,,,,,,,,,,,,,,
317,SIA/OR/MIN/422646/2023,,,,,,,,,,,,,,,,,,,,,,,,,,,,,,,,,,,,,,,,
318,SIA/OR/IND2/27888/2018,,,,,,,,,,,,,,,,,,,,,,,,,,,,,,,,,,,,,,,,
319,SIA/OR/IND2/25941/2018,,,,,,,,,,,,,,,,,,,,,,,,,,,,,,,,,,,,,,,,
320,SIA/OR/MIN/417081/2023,,,,,,,,,,,,,,,,,,,,,,,,,,,,,,,,,,,,,,,,
321,SIA/OR/MIN/48696/2016,,,,,,,,,,,,,,,,,,,,,,,,,,,,,,,,,,,,,,,,
322,SIA/OR/NCP/23634/2018,,,,,,,,,,,,,,,,,,,,,,,,,,,,,,,,,,,,,,,,
323,SIA/OR/MIN/56866/2016,,,,,,,,,,,,,,,,,,,,,,,,,,,,,,,,,,,,,,,,
324,SIA/OR/MIN/30089/2015,,,,,,,,,,,,,,,,,,,,,,,,,,,,,,,,,,,,,,,,
325,SIA/OR/IND2/29693/2018,,,,,,,,,,,,,,,,,,,,,,,,,,,,,,,,,,,,,,,,
326,SIA/OR/IND2/22348/2018,,,,,,,,,,,,,,,,,,,,,,,,,,,,,,,,,,,,,,,,
327,SIA/OR/MIN/59902/2016,,,,,,,,,,,,,,,,,,,,,,,,,,,,,,,,,,,,,,,,
328,SIA/OR/IND2/22462/2018,,,,,,,,,,,,,,,,,,,,,,,,,,,,,,,,,,,,,,,,
329,SIA/OR/IND2/22583/2018,,,,,,,,,,,,,,,,,,,,,,,,,,,,,,,,,,,,,,,,
330,SIA/OR/MIN/403698/2022,,,,,,,,,,,,,,,,,,,,,,,,,,,,,,,,,,,,,,,,
331,SIA/OR/MIN/63875/2017,,,,,,,,,,,,,,,,,,,,,,,,,,,,,,,,,,,,,,,,
332,SIA/OR/IND2/22469/2018,,,,,,,,,,,,,,,,,,,,,,,,,,,,,,,,,,,,,,,,
333,SIA/OR/IND2/22439/2018,,,,,,,,,,,,,,,,,,,,,,,,,,,,,,,,,,,,,,,,
334,SIA/OR/IND2/29143/2018,,,,,,,,,,,,,,,,,,,,,,,,,,,,,,,,,,,,,,,,
335,SIA/OR/MIN/409627/2022,,,,,,,,,,,,,,,,,,,,,,,,,,,,,,,,,,,,,,,,
336,SIA/OR/MIN/403230/2022,,,,,,,,,,,,,,,,,,,,,,,,,,,,,,,,,,,,,,,,
337,SIA/OR/MIN/429084/2023,,,,,,,,,,,,,,,,,,,,,,,,,,,,,,,,,,,,,,,,
338,SIA/OR/MIN/403717/2022,,,,,,,,,,,,,,,,,,,,,,,,,,,,,,,,,,,,,,,,
339,SIA/OR/MIN/49969/2016,,,,,,,,,,,,,,,,,,,,,,,,,,,,,,,,,,,,,,,,
340,SIA/OR/IND2/21776/2018,,,,,,,,,,,,,,,,,,,,,,,,,,,,,,,,,,,,,,,,
341,SIA/OR/MIN/404494/2022,,,,,,,,,,,,,,,,,,,,,,,,,,,,,,,,,,,,,,,,
342,SIA/OR/MIN/42367/2016,,,,,,,,,,,,,,,,,,,,,,,,,,,,,,,,,,,,,,,,
343,SIA/OR/IND2/28105/2018,,,,,,,,,,,,,,,,,,,,,,,,,,,,,,,,,,,,,,,,
344,SIA/OR/IND2/35242/2019,,,,,,,,,,,,,,,,,,,,,,,,,,,,,,,,,,,,,,,,
345,SIA/OR/IND2/22464/2018,,,,,,,,,,,,,,,,,,,,,,,,,,,,,,,,,,,,,,,,
346,SIA/OR/MIN/403998/2022,,,,,,,,,,,,,,,,,,,,,,,,,,,,,,,,,,,,,,,,
347,SIA/OR/MIN/69343/2017,,,,,,,,,,,,,,,,,,,,,,,,,,,,,,,,,,,,,,,,
348,SIA/OR/MIN/404715/2022,,,,,,,,,,,,,,,,,,,,,,,,,,,,,,,,,,,,,,,,
349,SIA/OR/MIN/405133/2022,,,,,,,,,,,,,,,,,,,,,,,,,,,,,,,,,,,,,,,,
350,SIA/OR/IND2/23178/2018,,,,,,,,,,,,,,,,,,,,,,,,,,,,,,,,,,,,,,,,
351,SIA/OR/IND2/21834/2018,,,,,,,,,,,,,,,,,,,,,,,,,,,,,,,,,,,,,,,,
352,SIA/OR/IND2/21819/2018,,,,,,,,,,,,,,,,,,,,,,,,,,,,,,,,,,,,,,,,
353,SIA/OR/MIN/426916/2023,,,,,,,,,,,,,,,,,,,,,,,,,,,,,,,,,,,,,,,,
354,SIA/OR/MIN/58356/2016,,,,,,,,,,,,,,,,,,,,,,,,,,,,,,,,,,,,,,,,
355,SIA/OR/MIN/50064/2016,,,,,,,,,,,,,,,,,,,,,,,,,,,,,,,,,,,,,,,,
356,SIA/OR/MIN/425450/2023,,,,,,,,,,,,,,,,,,,,,,,,,,,,,,,,,,,,,,,,
357,SIA/OR/IND2/27880/2018,,,,,,,,,,,,,,,,,,,,,,,,,,,,,,,,,,,,,,,,
358,SIA/OR/IND2/22545/2018,,,,,,,,,,,,,,,,,,,,,,,,,,,,,,,,,,,,,,,,
359,SIA/OR/IND2/23282/2018,,,,,,,,,,,,,,,,,,,,,,,,,,,,,,,,,,,,,,,,
360,SIA/OR/MIN/406165/2022,,,,,,,,,,,,,,,,,,,,,,,,,,,,,,,,,,,,,,,,
361,SIA/OR/IND2/21898/2018,,,,,,,,,,,,,,,,,,,,,,,,,,,,,,,,,,,,,,,,
362,SIA/OR/MIN/19857/2017,,,,,,,,,,,,,,,,,,,,,,,,,,,,,,,,,,,,,,,,
363,SIA/OR/IND2/21787/2018,,,,,,,,,,,,,,,,,,,,,,,,,,,,,,,,,,,,,,,,
365,SIA/OR/NCP/27975/2017,,,,,,,,,,,,,,,,,,,,,,,,,,,,,,,,,,,,,,,,
366,SIA/OR/MIN/49873/2016,,,,,,,,,,,,,,,,,,,,,,,,,,,,,,,,,,,,,,,,
367,SIA/OR/MIN/415872/2023,,,,,,,,,,,,,,,,,,,,,,,,,,,,,,,,,,,,,,,,
368,SIA/OR/MIN/42371/2016,,,,,,,,,,,,,,,,,,,,,,,,,,,,,,,,,,,,,,,,
369,SIA/OR/IND2/22153/2018,,,,,,,,,,,,,,,,,,,,,,,,,,,,,,,,,,,,,,,,
370,SIA/OR/MIN/72599/2018,,,,,,,,,,,,,,,,,,,,,,,,,,,,,,,,,,,,,,,,
371,SIA/OR/MIN/69344/2017,,,,,,,,,,,,,,,,,,,,,,,,,,,,,,,,,,,,,,,,
372,SIA/OR/MIN/37937/2016,,,,,,,,,,,,,,,,,,,,,,,,,,,,,,,,,,,,,,,,
373,SIA/OR/MIN/39372/2016,,,,,,,,,,,,,,,,,,,,,,,,,,,,,,,,,,,,,,,,
374,SIA/OR/MIN/50030/2016,,,,,,,,,,,,,,,,,,,,,,,,,,,,,,,,,,,,,,,,
375,SIA/OR/MIN/10977/2016,,,,,,,,,,,,,,,,,,,,,,,,,,,,,,,,,,,,,,,,
376,SIA/OR/IND2/23867/2018,,,,,,,,,,,,,,,,,,,,,,,,,,,,,,,,,,,,,,,,
377,SIA/OR/MIN/404740/2022,,,,,,,,,,,,,,,,,,,,,,,,,,,,,,,,,,,,,,,,
378,SIA/OR/MIN/49922/2016,,,,,,,,,,,,,,,,,,,,,,,,,,,,,,,,,,,,,,,,
379,SIA/OR/MIN/402927/2022,,,,,,,,,,,,,,,,,,,,,,,,,,,,,,,,,,,,,,,,
380,SIA/OR/MIN/50686/2016,,,,,,,,,,,,,,,,,,,,,,,,,,,,,,,,,,,,,,,,
381,SIA/OR/IND2/23821/2018,,,,,,,,,,,,,,,,,,,,,,,,,,,,,,,,,,,,,,,,
382,SIA/OR/MIN/416361/2023,,,,,,,,,,,,,,,,,,,,,,,,,,,,,,,,,,,,,,,,
383,SIA/OR/MIN/423372/2023,,,,,,,,,,,,,,,,,,,,,,,,,,,,,,,,,,,,,,,,
384,SIA/OR/MIN/411482/2022,,,,,,,,,,,,,,,,,,,,,,,,,,,,,,,,,,,,,,,,
385,SIA/OR/MIN/421545/2023,,,,,,,,,,,,,,,,,,,,,,,,,,,,,,,,,,,,,,,,
386,SIA/OR/MIN/406591/2022,,,,,,,,,,,,,,,,,,,,,,,,,,,,,,,,,,,,,,,,
387,SIA/OR/MIN/62738/2017,,,,,,,,,,,,,,,,,,,,,,,,,,,,,,,,,,,,,,,,
388,SIA/OR/MIN/75168/2018,,,,,,,,,,,,,,,,,,,,,,,,,,,,,,,,,,,,,,,,
389,SIA/OR/IND2/23198/2018,,,,,,,,,,,,,,,,,,,,,,,,,,,,,,,,,,,,,,,,
390,SIA/OR/MIN/29911/2015,,,,,,,,,,,,,,,,,,,,,,,,,,,,,,,,,,,,,,,,
391,SIA/OR/MIN/37957/2016,,,,,,,,,,,,,,,,,,,,,,,,,,,,,,,,,,,,,,,,
392,SIA/OR/MIN/406334/2022,,,,,,,,,,,,,,,,,,,,,,,,,,,,,,,,,,,,,,,,
393,SIA/OR/MIN/79684/2018,,,,,,,,,,,,,,,,,,,,,,,,,,,,,,,,,,,,,,,,
394,SIA/OR/MIN/42262/2016,,,,,,,,,,,,,,,,,,,,,,,,,,,,,,,,,,,,,,,,
395,SIA/OR/IND2/21722/2018,,,,,,,,,,,,,,,,,,,,,,,,,,,,,,,,,,,,,,,,
396,SIA/OR/MIN/72624/2018,,,,,,,,,,,,,,,,,,,,,,,,,,,,,,,,,,,,,,,,
397,SIA/OR/MIN/404698/2022,,,,,,,,,,,,,,,,,,,,,,,,,,,,,,,,,,,,,,,,
398,SIA/OR/MIN/52607/2016,,,,,,,,,,,,,,,,,,,,,,,,,,,,,,,,,,,,,,,,
399,SIA/OR/MIN/42354/2016,,,,,,,,,,,,,,,,,,,,,,,,,,,,,,,,,,,,,,,,
400,SIA/OR/MIN/49216/2016,,,,,,,,,,,,,,,,,,,,,,,,,,,,,,,,,,,,,,,,
401,SIA/OR/MIN/49006/2016,,,,,,,,,,,,,,,,,,,,,,,,,,,,,,,,,,,,,,,,
402,SIA/OR/IND2/21873/2018,,,,,,,,,,,,,,,,,,,,,,,,,,,,,,,,,,,,,,,,
403,SIA/OR/MIN/36492/2015,,,,,,,,,,,,,,,,,,,,,,,,,,,,,,,,,,,,,,,,
404,SIA/OR/MIN/48137/2016,,,,,,,,,,,,,,,,,,,,,,,,,,,,,,,,,,,,,,,,
405,SIA/OR/MIN/19644/2017,,,,,,,,,,,,,,,,,,,,,,,,,,,,,,,,,,,,,,,,
406,SIA/OR/IND2/72545/2018,,,,,,,,,,,,,,,,,,,,,,,,,,,,,,,,,,,,,,,,
407,SIA/OR/MIN/409234/2022,,,,,,,,,,,,,,,,,,,,,,,,,,,,,,,,,,,,,,,,
408,SIA/OR/MIN/412730/2022,,,,,,,,,,,,,,,,,,,,,,,,,,,,,,,,,,,,,,,,
409,SIA/OR/MIN/74664/2018,,,,,,,,,,,,,,,,,,,,,,,,,,,,,,,,,,,,,,,,
410,SIA/OR/IND2/72550/2018,,,,,,,,,,,,,,,,,,,,,,,,,,,,,,,,,,,,,,,,
411,SIA/OR/NCP/27973/2017,,,,,,,,,,,,,,,,,,,,,,,,,,,,,,,,,,,,,,,,
412,SIA/OR/MIN/57562/2016,,,,,,,,,,,,,,,,,,,,,,,,,,,,,,,,,,,,,,,,
413,SIA/OR/MIN/405203/2022,,,,,,,,,,,,,,,,,,,,,,,,,,,,,,,,,,,,,,,,
414,SIA/OR/IND2/28069/2018,,,,,,,,,,,,,,,,,,,,,,,,,,,,,,,,,,,,,,,,
415,SIA/OR/NCP/61726/2017,,,,,,,,,,,,,,,,,,,,,,,,,,,,,,,,,,,,,,,,
416,SIA/OR/MIN/405355/2022,,,,,,,,,,,,,,,,,,,,,,,,,,,,,,,,,,,,,,,,
417,SIA/OR/IND2/22139/2018,,,,,,,,,,,,,,,,,,,,,,,,,,,,,,,,,,,,,,,,
418,SIA/OR/IND2/20898/2017,,,,,,,,,,,,,,,,,,,,,,,,,,,,,,,,,,,,,,,,
419,SIA/OR/IND2/21885/2018,,,,,,,,,,,,,,,,,,,,,,,,,,,,,,,,,,,,,,,,
420,SIA/OR/MIN/79326/2018,,,,,,,,,,,,,,,,,,,,,,,,,,,,,,,,,,,,,,,,
425,SIA/OR/MIN/49100/2016,,,,,,,,,,,,,,,,,,,,,,,,,,,,,,,,,,,,,,,,
426,SIA/OR/IND2/22540/2018,,,,,,,,,,,,,,,,,,,,,,,,,,,,,,,,,,,,,,,,
427,SIA/OR/IND2/26028/2018,,,,,,,,,,,,,,,,,,,,,,,,,,,,,,,,,,,,,,,,
428,SIA/OR/MIN/405180/2022,,,,,,,,,,,,,,,,,,,,,,,,,,,,,,,,,,,,,,,,
429,SIA/OR/NCP/10376/2015,,,,,,,,,,,,,,,,,,,,,,,,,,,,,,,,,,,,,,,,
430,SIA/OR/MIN/41192/2016,,,,,,,,,,,,,,,,,,,,,,,,,,,,,,,,,,,,,,,,
431,SIA/OR/MIN/65603/2017,,,,,,,,,,,,,,,,,,,,,,,,,,,,,,,,,,,,,,,,
432,SIA/OR/MIN/64271/2017,,,,,,,,,,,,,,,,,,,,,,,,,,,,,,,,,,,,,,,,
436,SIA/OR/MIN/48697/2016,,,,,,,,,,,,,,,,,,,,,,,,,,,,,,,,,,,,,,,,
437,SIA/OR/IND2/22328/2018,,,,,,,,,,,,,,,,,,,,,,,,,,,,,,,,,,,,,,,,
438,SIA/OR/MIN/424796/2023,,,,,,,,,,,,,,,,,,,,,,,,,,,,,,,,,,,,,,,,
439,SIA/OR/MIN/427396/2023,,,,,,,,,,,,,,,,,,,,,,,,,,,,,,,,,,,,,,,,
440,SIA/OR/MIN/29874/2018,,,,,,,,,,,,,,,,,,,,,,,,,,,,,,,,,,,,,,,,
441,SIA/OR/IND2/72541/2018,,,,,,,,,,,,,,,,,,,,,,,,,,,,,,,,,,,,,,,,
442,SIA/OR/IND2/22630/2018,,,,,,,,,,,,,,,,,,,,,,,,,,,,,,,,,,,,,,,,
443,SIA/OR/IND2/28190/2018,,,,,,,,,,,,,,,,,,,,,,,,,,,,,,,,,,,,,,,,
444,SIA/OR/IND2/22309/2018,,,,,,,,,,,,,,,,,,,,,,,,,,,,,,,,,,,,,,,,
445,SIA/OR/MIN/38733/2016,,,,,,,,,,,,,,,,,,,,,,,,,,,,,,,,,,,,,,,,
446,SIA/OR/IND2/22242/2018,,,,,,,,,,,,,,,,,,,,,,,,,,,,,,,,,,,,,,,,
447,SIA/OR/MIN/36368/2015,,,,,,,,,,,,,,,,,,,,,,,,,,,,,,,,,,,,,,,,
448,SIA/OR/MIN/406129/2022,,,,,,,,,,,,,,,,,,,,,,,,,,,,,,,,,,,,,,,,
449,SIA/OR/MIN/41769/2016,,,,,,,,,,,,,,,,,,,,,,,,,,,,,,,,,,,,,,,,
450,SIA/OR/NCP/78500/2018,,,,,,,,,,,,,,,,,,,,,,,,,,,,,,,,,,,,,,,,
451,SIA/OR/MIN/405220/2022,,,,,,,,,,,,,,,,,,,,,,,,,,,,,,,,,,,,,,,,
452,SIA/OR/MIN/35657/2015,,,,,,,,,,,,,,,,,,,,,,,,,,,,,,,,,,,,,,,,
453,SIA/OR/MIN/417311/2023,,,,,,,,,,,,,,,,,,,,,,,,,,,,,,,,,,,,,,,,
454,SIA/OR/IND2/23162/2018,,,,,,,,,,,,,,,,,,,,,,,,,,,,,,,,,,,,,,,,
455,SIA/OR/MIN/413339/2023,,,,,,,,,,,,,,,,,,,,,,,,,,,,,,,,,,,,,,,,
456,SIA/OR/MIN/41075/2016,,,,,,,,,,,,,,,,,,,,,,,,,,,,,,,,,,,,,,,,
457,SIA/OR/MIN/76098/2018,,,,,,,,,,,,,,,,,,,,,,,,,,,,,,,,,,,,,,,,
459,SIA/OR/MIN/405099/2022,,,,,,,,,,,,,,,,,,,,,,,,,,,,,,,,,,,,,,,,
460,SIA/OR/MIN/50817/2016,,,,,,,,,,,,,,,,,,,,,,,,,,,,,,,,,,,,,,,,
461,SIA/OR/IND2/23300/2018,,,,,,,,,,,,,,,,,,,,,,,,,,,,,,,,,,,,,,,,
462,SIA/OR/MIN/50195/2016,,,,,,,,,,,,,,,,,,,,,,,,,,,,,,,,,,,,,,,,
463,SIA/OR/IND2/29041/2018,,,,,,,,,,,,,,,,,,,,,,,,,,,,,,,,,,,,,,,,
464,SIA/OR/MIN/39134/2016,,,,,,,,,,,,,,,,,,,,,,,,,,,,,,,,,,,,,,,,
465,SIA/OR/IND2/28063/2018,,,,,,,,,,,,,,,,,,,,,,,,,,,,,,,,,,,,,,,,
466,SIA/OR/MIN/404291/2022,,,,,,,,,,,,,,,,,,,,,,,,,,,,,,,,,,,,,,,,
467,SIA/OR/NCP/27984/2018,,,,,,,,,,,,,,,,,,,,,,,,,,,,,,,,,,,,,,,,
468,SIA/OR/MIN/403104/2022,,,,,,,,,,,,,,,,,,,,,,,,,,,,,,,,,,,,,,,,
469,SIA/OR/MIN/48896/2016,,,,,,,,,,,,,,,,,,,,,,,,,,,,,,,,,,,,,,,,
470,SIA/OR/MIN/403038/2022,,,,,,,,,,,,,,,,,,,,,,,,,,,,,,,,,,,,,,,,
471,SIA/OR/NCP/18479/2016,,,,,,,,,,,,,,,,,,,,,,,,,,,,,,,,,,,,,,,,
472,SIA/OR/IND2/28833/2018,,,,,,,,,,,,,,,,,,,,,,,,,,,,,,,,,,,,,,,,
473,SIA/OR/MIN/50151/2016,,,,,,,,,,,,,,,,,,,,,,,,,,,,,,,,,,,,,,,,
474,SIA/OR/MIN/37828/2016,,,,,,,,,,,,,,,,,,,,,,,,,,,,,,,,,,,,,,,,
475,SIA/OR/MIN/63641/2017,,,,,,,,,,,,,,,,,,,,,,,,,,,,,,,,,,,,,,,,
476,SIA/OR/MIN/60251/2016,,,,,,,,,,,,,,,,,,,,,,,,,,,,,,,,,,,,,,,,
477,SIA/OR/MIN/81325/2018,,,,,,,,,,,,,,,,,,,,,,,,,,,,,,,,,,,,,,,,
478,SIA/OR/MIN/417243/2023,,,,,,,,,,,,,,,,,,,,,,,,,,,,,,,,,,,,,,,,
479,SIA/OR/IND2/22542/2018,,,,,,,,,,,,,,,,,,,,,,,,,,,,,,,,,,,,,,,,
483,SIA/OR/MIN/42973/2016,,,,,,,,,,,,,,,,,,,,,,,,,,,,,,,,,,,,,,,,
484,SIA/OR/MIN/408062/2022,,,,,,,,,,,,,,,,,,,,,,,,,,,,,,,,,,,,,,,,
485,SIA/OR/MIN/402544/2022,,,,,,,,,,,,,,,,,,,,,,,,,,,,,,,,,,,,,,,,
486,SIA/OR/MIN/41484/2016,,,,,,,,,,,,,,,,,,,,,,,,,,,,,,,,,,,,,,,,
487,SIA/OR/MIN/57578/2016,,,,,,,,,,,,,,,,,,,,,,,,,,,,,,,,,,,,,,,,
488,SIA/OR/IND2/22672/2018,,,,,,,,,,,,,,,,,,,,,,,,,,,,,,,,,,,,,,,,
489,SIA/OR/IND2/22626/2018,,,,,,,,,,,,,,,,,,,,,,,,,,,,,,,,,,,,,,,,
490,SIA/OR/MIN/41771/2016,,,,,,,,,,,,,,,,,,,,,,,,,,,,,,,,,,,,,,,,
3,SIA/OR/MIN/64886/2017,,,,,,,,,,,,,,,,,,,,,,,,,,,,,,,,,,,,,,,,
9,SIA/OR/MIN/42352/2016,,,,,,,,,,,,,,,,,,,,,,,,,,,,,,,,,,,,,,,,
10,SIA/OR/MIN/409600/2022,,,,,,,,,,,,,,,,,,,,,,,,,,,,,,,,,,,,,,,,
11,SIA/OR/NCP/72000/2018,,,,,,,,,,,,,,,,,,,,,,,,,,,,,,,,,,,,,,,,
12,SIA/OR/MIN/403335/2022,,,,,,,,,,,,,,,,,,,,,,,,,,,,,,,,,,,,,,,,
14,SIA/OR/MIN/42960/2016,,,,,,,,,,,,,,,,,,,,,,,,,,,,,,,,,,,,,,,,
15,SIA/OR/IND2/22475/2018,,,,,,,,,,,,,,,,,,,,,,,,,,,,,,,,,,,,,,,,
16,SIA/OR/MIN/69345/2017,,,,,,,,,,,,,,,,,,,,,,,,,,,,,,,,,,,,,,,,
17,SIA/OR/MIN/50815/2016,,,,,,,,,,,,,,,,,,,,,,,,,,,,,,,,,,,,,,,,
18,SIA/OR/MIN/21811/2018,,,,,,,,,,,,,,,,,,,,,,,,,,,,,,,,,,,,,,,,
19,SIA/OR/MIN/42353/2016,,,,,,,,,,,,,,,,,,,,,,,,,,,,,,,,,,,,,,,,
20,SIA/OR/MIN/59830/2016,,,,,,,,,,,,,,,,,,,,,,,,,,,,,,,,,,,,,,,,
21,SIA/OR/MIN/75739/2018,,,,,,,,,,,,,,,,,,,,,,,,,,,,,,,,,,,,,,,,
22,SIA/OR/MIN/402644/2022,,,,,,,,,,,,,,,,,,,,,,,,,,,,,,,,,,,,,,,,
23,SIA/OR/IND2/21652/2018,,,,,,,,,,,,,,,,,,,,,,,,,,,,,,,,,,,,,,,,
24,SIA/OR/IND2/26068/2018,,,,,,,,,,,,,,,,,,,,,,,,,,,,,,,,,,,,,,,,
25,SIA/OR/IND2/21786/2018,,,,,,,,,,,,,,,,,,,,,,,,,,,,,,,,,,,,,,,,
26,SIA/OR/MIN/428282/2023,,,,,,,,,,,,,,,,,,,,,,,,,,,,,,,,,,,,,,,,
27,SIA/OR/MIN/407443/2022,,,,,,,,,,,,,,,,,,,,,,,,,,,,,,,,,,,,,,,,
28,SIA/OR/IND2/22322/2018,,,,,,,,,,,,,,,,,,,,,,,,,,,,,,,,,,,,,,,,
29,SIA/OR/MIN/406469/2022,,,,,,,,,,,,,,,,,,,,,,,,,,,,,,,,,,,,,,,,
30,SIA/OR/MIN/425424/2023,,,,,,,,,,,,,,,,,,,,,,,,,,,,,,,,,,,,,,,,
31,SIA/OR/MIN/60362/2016,,,,,,,,,,,,,,,,,,,,,,,,,,,,,,,,,,,,,,,,
32,SIA/OR/MIN/50631/2016,,,,,,,,,,,,,,,,,,,,,,,,,,,,,,,,,,,,,,,,
34,SIA/OR/MIN/49217/2016,,,,,,,,,,,,,,,,,,,,,,,,,,,,,,,,,,,,,,,,
35,SIA/OR/IND2/22716/2018,,,,,,,,,,,,,,,,,,,,,,,,,,,,,,,,,,,,,,,,
36,SIA/OR/MIN/67139/2017,,,,,,,,,,,,,,,,,,,,,,,,,,,,,,,,,,,,,,,,
38,SIA/OR/NCP/64476/2017,,,,,,,,,,,,,,,,,,,,,,,,,,,,,,,,,,,,,,,,
39,SIA/OR/MIN/403864/2022,,,,,,,,,,,,,,,,,,,,,,,,,,,,,,,,,,,,,,,,
40,SIA/OR/MIN/57282/2016,,,,,,,,,,,,,,,,,,,,,,,,,,,,,,,,,,,,,,,,
41,SIA/OR/MIN/418758/2023,,,,,,,,,,,,,,,,,,,,,,,,,,,,,,,,,,,,,,,,
42,SIA/OR/IND2/23351/2018,,,,,,,,,,,,,,,,,,,,,,,,,,,,,,,,,,,,,,,,
43,SIA/OR/IND2/21896/2018,,,,,,,,,,,,,,,,,,,,,,,,,,,,,,,,,,,,,,,,
44,SIA/OR/MIN/405939/2022,,,,,,,,,,,,,,,,,,,,,,,,,,,,,,,,,,,,,,,,
45,SIA/OR/MIN/80069/2018,,,,,,,,,,,,,,,,,,,,,,,,,,,,,,,,,,,,,,,,
46,SIA/OR/MIN/50424/2016,,,,,,,,,,,,,,,,,,,,,,,,,,,,,,,,,,,,,,,,
47,SIA/OR/IND2/26187/2018,,,,,,,,,,,,,,,,,,,,,,,,,,,,,,,,,,,,,,,,
48,SIA/OR/INFRA2/408179/2022,,,,,,,,,,,,,,,,,,,,,,,,,,,,,,,,,,,,,,,,
49,SIA/OR/MIN/417359/2023,,,,,,,,,,,,,,,,,,,,,,,,,,,,,,,,,,,,,,,,
53,SIA/OR/IND2/28181/2018,,,,,,,,,,,,,,,,,,,,,,,,,,,,,,,,,,,,,,,,
55,SIA/OR/MIN/63731/2017,,,,,,,,,,,,,,,,,,,,,,,,,,,,,,,,,,,,,,,,
56,SIA/OR/IND2/25925/2018,,,,,,,,,,,,,,,,,,,,,,,,,,,,,,,,,,,,,,,,
57,SIA/OR/MIN/35902/2015,,,,,,,,,,,,,,,,,,,,,,,,,,,,,,,,,,,,,,,,
59,SIA/OR/MIN/50529/2016,,,,,,,,,,,,,,,,,,,,,,,,,,,,,,,,,,,,,,,,
60,SIA/OR/MIN/423756/2023,,,,,,,,,,,,,,,,,,,,,,,,,,,,,,,,,,,,,,,,
61,SIA/OR/MIN/41494/2016,,,,,,,,,,,,,,,,,,,,,,,,,,,,,,,,,,,,,,,,
62,SIA/OR/IND2/20757/2016,,,,,,,,,,,,,,,,,,,,,,,,,,,,,,,,,,,,,,,,
63,SIA/OR/MIN/404520/2022,,,,,,,,,,,,,,,,,,,,,,,,,,,,,,,,,,,,,,,,
64,SIA/OR/MIN/423067/2023,,,,,,,,,,,,,,,,,,,,,,,,,,,,,,,,,,,,,,,,
65,SIA/OR/IND2/21836/2018,,,,,,,,,,,,,,,,,,,,,,,,,,,,,,,,,,,,,,,,
66,SIA/OR/MIN/38992/2016,,,,,,,,,,,,,,,,,,,,,,,,,,,,,,,,,,,,,,,,
67,SIA/OR/MIN/49782/2016,,,,,,,,,,,,,,,,,,,,,,,,,,,,,,,,,,,,,,,,
68,SIA/OR/IND2/26160/2018,,,,,,,,,,,,,,,,,,,,,,,,,,,,,,,,,,,,,,,,
69,SIA/OR/IND2/22485/2018,,,,,,,,,,,,,,,,,,,,,,,,,,,,,,,,,,,,,,,,
70,SIA/OR/MIN/81331/2018,,,,,,,,,,,,,,,,,,,,,,,,,,,,,,,,,,,,,,,,
71,SIA/OR/MIN/62282/2017,,,,,,,,,,,,,,,,,,,,,,,,,,,,,,,,,,,,,,,,
72,SIA/OR/MIN/58054/2016,,,,,,,,,,,,,,,,,,,,,,,,,,,,,,,,,,,,,,,,
73,SIA/OR/MIN/42366/2016,,,,,,,,,,,,,,,,,,,,,,,,,,,,,,,,,,,,,,,,
74,SIA/OR/MIN/42234/2016,,,,,,,,,,,,,,,,,,,,,,,,,,,,,,,,,,,,,,,,
75,SIA/OR/IND2/28128/2018,,,,,,,,,,,,,,,,,,,,,,,,,,,,,,,,,,,,,,,,
76,SIA/OR/MIN/422523/2023,,,,,,,,,,,,,,,,,,,,,,,,,,,,,,,,,,,,,,,,
77,SIA/OR/MIN/50810/2016,,,,,,,,,,,,,,,,,,,,,,,,,,,,,,,,,,,,,,,,
78,SIA/OR/MIN/50673/2016,,,,,,,,,,,,,,,,,,,,,,,,,,,,,,,,,,,,,,,,
79,SIA/OR/MIN/76101/2018,,,,,,,,,,,,,,,,,,,,,,,,,,,,,,,,,,,,,,,,
80,SIA/OR/MIN/414174/2023,,,,,,,,,,,,,,,,,,,,,,,,,,,,,,,,,,,,,,,,
81,SIA/OR/INFRA2/412673/2023,,,,,,,,,,,,,,,,,,,,,,,,,,,,,,,,,,,,,,,,
82,SIA/OR/MIN/37831/2016,,,,,,,,,,,,,,,,,,,,,,,,,,,,,,,,,,,,,,,,
83,SIA/OR/IND2/23238/2018,,,,,,,,,,,,,,,,,,,,,,,,,,,,,,,,,,,,,,,,
84,SIA/OR/MIN/74882/2018,,,,,,,,,,,,,,,,,,,,,,,,,,,,,,,,,,,,,,,,
85,SIA/OR/IND2/24081/2018,,,,,,,,,,,,,,,,,,,,,,,,,,,,,,,,,,,,,,,,
86,SIA/OR/MIN/71163/2017,,,,,,,,,,,,,,,,,,,,,,,,,,,,,,,,,,,,,,,,
87,SIA/OR/MIN/403909/2022,,,,,,,,,,,,,,,,,,,,,,,,,,,,,,,,,,,,,,,,
88,SIA/OR/MIN/421419/2023,,,,,,,,,,,,,,,,,,,,,,,,,,,,,,,,,,,,,,,,
89,SIA/OR/INFRA2/423008/2023,,,,,,,,,,,,,,,,,,,,,,,,,,,,,,,,,,,,,,,,
90,SIA/OR/MIN/73059/2018,,,,,,,,,,,,,,,,,,,,,,,,,,,,,,,,,,,,,,,,
91,SIA/OR/MIS/30287/2017,,,,,,,,,,,,,,,,,,,,,,,,,,,,,,,,,,,,,,,,
92,SIA/OR/IND2/23267/2018,,,,,,,,,,,,,,,,,,,,,,,,,,,,,,,,,,,,,,,,
93,SIA/OR/MIN/65245/2017,,,,,,,,,,,,,,,,,,,,,,,,,,,,,,,,,,,,,,,,
94,SIA/OR/MIN/407065/2022,,,,,,,,,,,,,,,,,,,,,,,,,,,,,,,,,,,,,,,,
95,SIA/OR/RIV/3931/2010,,,,,,,,,,,,,,,,,,,,,,,,,,,,,,,,,,,,,,,,
96,SIA/OR/MIN/40954/2016,,,,,,,,,,,,,,,,,,,,,,,,,,,,,,,,,,,,,,,,
97,SIA/OR/IND2/17094/2015,,,,,,,,,,,,,,,,,,,,,,,,,,,,,,,,,,,,,,,,
98,SIA/OR/MIN/400364/2022,,,,,,,,,,,,,,,,,,,,,,,,,,,,,,,,,,,,,,,,
99,SIA/OR/IND2/16863/2015,,,,,,,,,,,,,,,,,,,,,,,,,,,,,,,,,,,,,,,,
100,SIA/OR/MIN/18774/2016,,,,,,,,,,,,,,,,,,,,,,,,,,,,,,,,,,,,,,,,
101,SIA/OR/IND2/23160/2018,,,,,,,,,,,,,,,,,,,,,,,,,,,,,,,,,,,,,,,,
102,SIA/OR/MIN/50692/2016,,,,,,,,,,,,,,,,,,,,,,,,,,,,,,,,,,,,,,,,
103,SIA/OR/MIN/413892/2023,,,,,,,,,,,,,,,,,,,,,,,,,,,,,,,,,,,,,,,,
104,SIA/OR/IND2/29072/2018,,,,,,,,,,,,,,,,,,,,,,,,,,,,,,,,,,,,,,,,
105,SIA/OR/IND2/23232/2018,,,,,,,,,,,,,,,,,,,,,,,,,,,,,,,,,,,,,,,,
106,SIA/OR/MIN/403835/2022,,,,,,,,,,,,,,,,,,,,,,,,,,,,,,,,,,,,,,,,
107,SIA/OR/MIN/53072/2016,,,,,,,,,,,,,,,,,,,,,,,,,,,,,,,,,,,,,,,,
108,SIA/OR/MIN/50813/2016,,,,,,,,,,,,,,,,,,,,,,,,,,,,,,,,,,,,,,,,
109,SIA/OR/MIN/402524/2022,,,,,,,,,,,,,,,,,,,,,,,,,,,,,,,,,,,,,,,,
110,SIA/OR/IND2/26158/2018,,,,,,,,,,,,,,,,,,,,,,,,,,,,,,,,,,,,,,,,
111,SIA/OR/IND2/21777/2018,,,,,,,,,,,,,,,,,,,,,,,,,,,,,,,,,,,,,,,,
112,SIA/OR/IND2/22465/2018,,,,,,,,,,,,,,,,,,,,,,,,,,,,,,,,,,,,,,,,
113,SIA/OR/IND2/21931/2018,,,,,,,,,,,,,,,,,,,,,,,,,,,,,,,,,,,,,,,,
114,SIA/OR/IND2/72552/2018,,,,,,,,,,,,,,,,,,,,,,,,,,,,,,,,,,,,,,,,
115,SIA/OR/MIN/404551/2022,,,,,,,,,,,,,,,,,,,,,,,,,,,,,,,,,,,,,,,,
116,SIA/OR/MIN/64060/2017,,,,,,,,,,,,,,,,,,,,,,,,,,,,,,,,,,,,,,,,
117,SIA/OR/MIN/35474/2015,,,,,,,,,,,,,,,,,,,,,,,,,,,,,,,,,,,,,,,,
118,SIA/OR/MIN/423787/2023,,,,,,,,,,,,,,,,,,,,,,,,,,,,,,,,,,,,,,,,
119,SIA/OR/MIN/58890/2016,,,,,,,,,,,,,,,,,,,,,,,,,,,,,,,,,,,,,,,,
120,SIA/OR/MIN/423514/2023,,,,,,,,,,,,,,,,,,,,,,,,,,,,,,,,,,,,,,,,
121,SIA/OR/MIN/71732/2017,,,,,,,,,,,,,,,,,,,,,,,,,,,,,,,,,,,,,,,,
122,SIA/OR/IND2/21903/2018,,,,,,,,,,,,,,,,,,,,,,,,,,,,,,,,,,,,,,,,
123,SIA/OR/MIN/64097/2017,,,,,,,,,,,,,,,,,,,,,,,,,,,,,,,,,,,,,,,,
124,SIA/OR/MIN/37818/2016,,,,,,,,,,,,,,,,,,,,,,,,,,,,,,,,,,,,,,,,
125,SIA/OR/IND1/404248/2022,,,,,,,,,,,,,,,,,,,,,,,,,,,,,,,,,,,,,,,,
126,SIA/OR/MIN/405154/2022,,,,,,,,,,,,,,,,,,,,,,,,,,,,,,,,,,,,,,,,
127,SIA/OR/MIN/42350/2016,,,,,,,,,,,,,,,,,,,,,,,,,,,,,,,,,,,,,,,,
128,SIA/OR/IND2/25911/2018,,,,,,,,,,,,,,,,,,,,,,,,,,,,,,,,,,,,,,,,
129,SIA/OR/MIN/419148/2023,,,,,,,,,,,,,,,,,,,,,,,,,,,,,,,,,,,,,,,,
130,SIA/OR/MIN/19643/2017,,,,,,,,,,,,,,,,,,,,,,,,,,,,,,,,,,,,,,,,
131,SIA/OR/MIN/38072/2016,,,,,,,,,,,,,,,,,,,,,,,,,,,,,,,,,,,,,,,,
132,SIA/OR/IND2/21895/2018,,,,,,,,,,,,,,,,,,,,,,,,,,,,,,,,,,,,,,,,
136,SIA/OR/MIN/59211/2016,,,,,,,,,,,,,,,,,,,,,,,,,,,,,,,,,,,,,,,,
137,SIA/OR/MIN/415691/2023,,,,,,,,,,,,,,,,,,,,,,,,,,,,,,,,,,,,,,,,
138,SIA/OR/MIN/41350/2016,,,,,,,,,,,,,,,,,,,,,,,,,,,,,,,,,,,,,,,,
139,SIA/OR/MIN/37953/2016,,,,,,,,,,,,,,,,,,,,,,,,,,,,,,,,,,,,,,,,
141,SIA/OR/MIN/36491/2015,,,,,,,,,,,,,,,,,,,,,,,,,,,,,,,,,,,,,,,,
142,SIA/OR/IND2/21907/2018,,,,,,,,,,,,,,,,,,,,,,,,,,,,,,,,,,,,,,,,
143,SIA/OR/MIN/38928/2016,,,,,,,,,,,,,,,,,,,,,,,,,,,,,,,,,,,,,,,,
178,SIA/OR/MIN/416474/2023,,,,,,,,,,,,,,,,,,,,,,,,,,,,,,,,,,,,,,,,
181,SIA/OR/MIN/406749/2022,,,,,,,,,,,,,,,,,,,,,,,,,,,,,,,,,,,,,,,,
182,SIA/OR/IND2/21883/2018,,,,,,,,,,,,,,,,,,,,,,,,,,,,,,,,,,,,,,,,
183,SIA/OR/MIN/50535/2016,,,,,,,,,,,,,,,,,,,,,,,,,,,,,,,,,,,,,,,,
184,SIA/OR/IND2/422287/2023,,,,,,,,,,,,,,,,,,,,,,,,,,,,,,,,,,,,,,,,
185,SIA/OR/MIN/41077/2016,,,,,,,,,,,,,,,,,,,,,,,,,,,,,,,,,,,,,,,,
186,SIA/OR/MIN/60442/2016,,,,,,,,,,,,,,,,,,,,,,,,,,,,,,,,,,,,,,,,
187,SIA/OR/IND2/21694/2018,,,,,,,,,,,,,,,,,,,,,,,,,,,,,,,,,,,,,,,,
188,SIA/OR/MIN/410489/2022,,,,,,,,,,,,,,,,,,,,,,,,,,,,,,,,,,,,,,,,
190,SIA/OR/MIN/404088/2022,,,,,,,,,,,,,,,,,,,,,,,,,,,,,,,,,,,,,,,,
191,SIA/OR/MIN/41486/2016,,,,,,,,,,,,,,,,,,,,,,,,,,,,,,,,,,,,,,,,
192,SIA/OR/IND2/21792/2018,,,,,,,,,,,,,,,,,,,,,,,,,,,,,,,,,,,,,,,,
193,SIA/OR/MIN/64912/2017,,,,,,,,,,,,,,,,,,,,,,,,,,,,,,,,,,,,,,,,
194,SIA/OR/MIN/406002/2022,,,,,,,,,,,,,,,,,,,,,,,,,,,,,,,,,,,,,,,,
195,SIA/OR/IND2/23225/2018,,,,,,,,,,,,,,,,,,,,,,,,,,,,,,,,,,,,,,,,
196,SIA/OR/MIN/61814/2017,,,,,,,,,,,,,,,,,,,,,,,,,,,,,,,,,,,,,,,,
197,SIA/OR/MIN/405566/2022,,,,,,,,,,,,,,,,,,,,,,,,,,,,,,,,,,,,,,,,
198,SIA/OR/MIN/404711/2022,,,,,,,,,,,,,,,,,,,,,,,,,,,,,,,,,,,,,,,,
199,SIA/OR/IND2/28267/2018,,,,,,,,,,,,,,,,,,,,,,,,,,,,,,,,,,,,,,,,
200,SIA/OR/MIN/39195/2016,,,,,,,,,,,,,,,,,,,,,,,,,,,,,,,,,,,,,,,,
201,SIA/OR/MIN/41328/2016,,,,,,,,,,,,,,,,,,,,,,,,,,,,,,,,,,,,,,,,
202,SIA/OR/IND2/23270/2018,,,,,,,,,,,,,,,,,,,,,,,,,,,,,,,,,,,,,,,,
203,SIA/OR/MIN/423234/2023,,,,,,,,,,,,,,,,,,,,,,,,,,,,,,,,,,,,,,,,
204,SIA/OR/INFRA2/410358/2022,,,,,,,,,,,,,,,,,,,,,,,,,,,,,,,,,,,,,,,,
205,SIA/OR/MIN/424302/2023,,,,,,,,,,,,,,,,,,,,,,,,,,,,,,,,,,,,,,,,
206,SIA/OR/IND2/21884/2018,,,,,,,,,,,,,,,,,,,,,,,,,,,,,,,,,,,,,,,,
