,index,project_number,file_number,project_name,company,proposal_status,project_type
0,,SIA/WB/IND/105345/2019,EN/T-II-1/012/2019,"PROPOSED EXPANSION OF CAPACITY OF STANDALONE CEMENT GRINDING UNIT FROM 1.6 MTPA TO 2 MTPA, AT MOHITNAGAR, NEAR JALPAIGURI, WEST BENGAL",STAR CEMENT LIMITED,EC Granted,EC
1,,SIA/WB/IND/19745/2016,EN/T-II-1/091/2018,"Expansion of Existing Cement Grinding Unit from 3.6 MTPA to 4.8 MTPA to produce Portland Slag Cement (PSC), Portland Pozzolana Cement (PPC), Ordinary Portland Cement (OPC), Composite Cement & Ground Granulated Blast Furnace Slag (GGBS) at Salboni, District: Paschim Medinipur (West Bengal) by M/s. JSW Cement Ltd.",JSW CEMENT LTD,EC Granted,EC
2,,SIA/WB/IND/208916/2021,,"Expansion of existing Cement Grinding Plant from 0.96 MTPA (2 x 600 TPD Ball mill + 1 x 2000 TPD VRM) to 1.2596 MTPA under Clause 7 II (b) of EIA Notification, 2006 by process optimization, increasing the number of working hours per day and annual wo",RASHMI CEMENT LIMITED,Delisted,EC
3,,SIA/WB/IND/219918/2021,,"Proposed Upgradation & Expansion of Existing Rolling Mill at NH-2, Delhi Road, Mouza- Belumilky, Vill: Chotobelu, Payarapur, Block: Serampore, Dist: Hooghly, West Bengal",BRAND ALLOYS PVT. LTD.,WithdrawEC,EC
4,,SIA/WB/IND/220466/2021,,Rolling mill steel plant,M/S GREAT EASTERN INFRACON (P) LTD.,WithdrawEC,EC
5,,SIA/WB/IND/220476/2021,,Rolling Mill Steel Plant,M/S GREAT EASTERN INFRACON (P) LTD.,WithdrawEC,EC
6,,SIA/WB/IND/221205/2021,,Expansion of Rolling Mill Steel Plant,M/S GREAT EASTERN INFRACON (P) LTD.,WithdrawEC,EC
7,,SIA/WB/IND/226566/2021,,Environmental Clearance for Rolling Mill Plant for MS Round / MS Flat production of M/s Bamlia Steel Udyog (P) Ltd. at Village: Dakshin Bansai; P.O: Raghunathpur; P.S: Uttarpara;  Dist.: Hooghly; West Bengal; PIN - 712245,BAMLIA STEEL UDYOG (P) LIMITED,Delisted,EC
8,,SIA/WB/IND/227505/2021,,Rolling Mill Steel Plant,M/S GREAT EASTERN INFRACON (P) LTD.,Delisted,EC
9,,SIA/WB/IND/29902/2016,,"Expansion from 90,000 TPA steel billets and 1,62,000 TPA wire rods to 1,92,000 TPA wire rods and 60,000 TPA HB wires.",SUPERSHAKTI METALIKS LIMITED,Delisted,EC
10,,SIA/WB/IND/31555/2019,EN/T-II-1/020/2019,"Installation of 2 X 20 MT Induction Furnaces with Continuous Caster and 1,48,800MT/Annum Rolling Mill",SHREE RAMDOOT ROLLERS PVT LTD,EC Granted,EC
11,,SIA/WB/IND/34029/2016,EN/T-II-1/069/2018,"Proposed expansion of existing Plant by additional installation of 4x15 T Induction Furnaces along with 1,00,000 TPA capacity Rolling Mill",CALSTAR SPONGE LIMITED,EC Granted,EC
12,,SIA/WB/IND/35205/2018,EN/T-II-1/106/2018,"Expansion from 90,000 TPA steel billets and 1,62.000 TPA Wire rods to 1,92,000 TPA Wire rods and 60,000 TPA HB wire",SUPERSHAKTI METALIKS LIMITED,EC Granted,EC
13,,SIA/WB/IND/36650/2018,EN/T-II-1/102/2018,"Enhancement in production capacity from  1,56,000 TPA to 2, 46,000 TPA of coke oven plant of M/s Metakik Fuel Private Limited, J.L no. 115, Mouza-Amba, Vill: Gokulpur, P.O: Samraipur, Kharagpur, Dist:",METALIK FUEL PRIVATE LIMITED,EC Granted,EC
14,,SIA/WB/IND/41755/2018,EN/T-II-1/066/2018,"Setting up DI Pipe Manufacturing Unit of capacity 97,200 MT/ Annum",KEJRIWAL CASTINGS LIMITED,EC Granted,EC
15,,SIA/WB/IND/41967/2018,EN/T-II-1/067/2018,Installation of 4 No. 15 MT Induction Furnaces with Ladle Refining Furnace and Continuous Caster and Rolling Mill and Wire Block Mill with installed capacity 600 TPD,RATTAN ISPAT PRIVATE LIMITED,EC Granted,EC
16,,SIA/WB/IND/43110/2018,EN/T-II-1/099/2018,"Environmental Clearance for Proposed set up of Induction Furnace, Rolling Mill Plant & Wire Rod Mill for manufacturing of billets, TMT Bars & wire rods of M/s Amiya Steel Private Limited - Unit II at ",AMIYA STEEL PRIVATE LIMITED,EC Granted,EC
17,,SIA/WB/IND/50308/2019,,"Installation of 2 X 20 MT Induction Furnaces and 1,48,800 MT/Annum Rolling Mill",SHREE RAMDOOT ROLLERS PVT LTD,WithdrawEC,EC
18,,SIA/WB/IND/56059/2019,EN/T-II-1/020/2019,"Installation of 2 X 20 MT Induction Furnaces with Continuous Caster and 1,48,800 MT/Annum Rolling Mill",SHREE RAMDOOT ROLLERS PVT LTD,Delisted,EC
19,,SIA/WB/IND/57057/2019,EN/T-II-I/019/2019,"Installation of 2x10 Tonnes lnduction Furnaces with Ladle Refining Furnace, Continuous Caster and 3000 MT/Month Rolling Mill",RUHR ISPAT PVT LTD,EC Granted,EC
20,,SIA/WB/IND/57255/2018,,"Proposed Expansion of Existing Steel Plant by installation of additional 2x10 tonne Induction Furnace, 1x10 tonne Ladle refining Furnace, 1 no. 2 strand continous Caster and rolling mill of capacity 120000 TPA by M/S Expandable Enterprises Pvt. Ltd.",EXPANDABLE ENTERPRISES (P) LTD.,WithdrawEC,EC
21,,SIA/WB/IND/57318/2018,EN/T-II-1/053/2018,"Proposed expansion of Steel Melting Shop Project of M/s R.S. Concast Limited, AT:  Bamunara Industrial Estate, P.O. Bamunara, P.S.  Kanksa , Dist : Paschim  Burdwan, West Bengal",R S CONCAST LIMITED,EC Granted,EC
22,,SIA/WB/IND/58870/2018,EN/T-II-1/003/2018,"Proposed Expansion of Existing Steel Plant by installation of additional 2x10 tonneInduction Furnace, 1x10 tonne Ladle refining Furnace, 1 no. 2 strand continous Casterand rolling mill of capacity 120000 TPA by M/S Expandable Enterprises Pvt. Ltd.",EXPANDABLE ENTERPRISES (P) LTD.,Delisted,EC
23,,SIA/WB/IND/58900/2020,EN/T-II-1/066/2020,"Expansion of Cement Production Capacity of Existing Stand-alone Clinker Grinding Unit (2.0 to 5.0 MTPA) at Sonar Bangla Cement Works, Village: Dhalo, P.O: Gankar, Block: Raghunathganj-I, District: Murshidabad (West Bengal) by M/s. UltraTech Cement Limited (Unit: Sonar Bangla Cement Works).",M/s. UltraTech Cement Ltd.,EC Granted,EC
24,,SIA/WB/IND/60630/2021,EN/T-II-1/088/2021,"Expansion of production from 36,000TPA with 3x50 TPD Kiln to 58,500 TPA with the installation of 3x65 TPD Preheaters", ARYAVRATA STEEL PRIVATE LIMITED,EC Granted,EC
25,,SIA/WB/IND/61179/2019,,"Proposed expansion of existing Steel Plant by installation of 3x15 T Induction Furnaces instead of 2x8 T Induction Furnaces with matching LRF & CCM and by increasing Rolling Mill capacity from 48,000 TPA to 96,000 TPA and setting up a Galvanizing unit of 160 MT/day",GAJANAN IRON PRIVATE LIMITED,WithdrawEC,EC
26,,SIA/WB/IND/61186/2021,EN/T-II-1/057/2021,"Proposed 56,000 TPA GREEN FIELD Coal Tar Distillation Plant for production of 30,800 TPA of Coal Tar Pitch; 22,120 TPA of Creosote Oil (light and heavy) and 1680 TPA of Crude Naphthalene",B S TAR PVT. LTD.,Transfered SEIAA To MOEFCC,EC
27,,SIA/WB/IND/61389/2019,EN/T-II-1/054/2019,"Expansion Project by Installation of 1 x 8 Ton Induction Furnace with production capacity of 24,960 Tons/Annum at JL No. 22, WBIDC Plasto Steel Park, Village – Kadasole, PO – Ghutgoria, PS – Barjora, District – Bankura, Pin 722202, West Bengal.",SURYA ALLOY INDUSTRIES LIMITED,Delisted,EC
28,,SIA/WB/IND/61399/2014,EN/T-II-1/058/2019,"Proposed Expansion of existing Steel Plant by installation of 3x15 T Induction Furnaces instead of 2x8 T Induction Furnaces with matching LRF & CCM and by increasing Rolling Mill capacity from 48,000 TPA to 96,000 TPA and setting up a Galvanising Unit of 160 MT/day capacity",GAJANAN IRON PRIVATE LIMITED,EC Granted,EC
29,,SIA/WB/IND/61664/2019,EN/T-II-1/052/2019,"Proposed expansion of MS Billet/Ingot and TMT BAR from 92,160 MTPA to 2,00,160 MTPA installing 3 nos of induction furnace with capacity of 12 MT each",HR ISPAT PVT LTD,EC Granted,EC
30,,SIA/WB/IND/61759/2019,EN/T-II-1/076/2019,"Proposed Expansion for Production of M.S. Ingots/Billets by installation of Induction Furnace at Village: Suboljote, P.O Nemai, Via Matigara, P.S –Matigara, Darjeeling, by North East Ferro Alloys’ Co. Pvt. Ltd",NORTH EAST FERRO ALLOYS CO PVT LTD,Delisted,EC
31,,SIA/WB/IND/66688/2010,,"Proposed Expansion of the existing Steel Plant by installation of 4x30 T Induction Furnaces with 1x40T LRF & two (2-strand each) CCM and enhancement of the capacity of the Rolling Mill from 2,22,000 TPA to 5,02,000 TPA",ADHUNIK INDUSTRIES LTD,WithdrawEC,EC
32,,SIA/WB/IND/67558/2010,EN/T-II-1/156/2021,"Proposed Expansion of the existing Steel Plant by installation of 4x30 T Induction Furnaces with 1x40T LRF & two (2-strand each) CCM and enhancement of the capacity of the Rolling Mill from 2,22,000 TPA to 5,02,000 TPA",ADHUNIK INDUSTRIES LTD,Transfered SEIAA To MOEFCC,EC
33,,SIA/WB/IND/69795/2019,EN/T-II-1/021/2019,Installation of 2 No. 10 MT Induction Furnaces,C.P. RE-ROLLERS LIMITED,EC Granted,EC
34,,SIA/WB/IND/70202/2018,,"Proposed Expansion of Cast Iron Casting Product at Kulgachia, P.O. Mahishrekha, P.S. Uluberia & District – Howrah, West Bengal",CRESCENT FOUNDRY COMPANY PRIVATE LIMITED,Pending at PP due to eds,EC
35,,SIA/WB/IND/78453/2018,,"Proposed Expansion of Cast Iron Casting Product at Kulgachia, P.O Mahishrekha, P.S Uluberia & District – Howrah, West Bengal.",CRESCENT FOUNDRY COMPANY PRIVATE LIMITED,Delisted,EC
36,,SIA/WB/IND2/152174/2020,EN/T-II-1/013/2020,"Exploratory drilling (10 wells) in NELP VII block WB-ONN-2005/4 situated in North 24 Parganas and Nadia districts, West Bengal.",HSE MBA BASIN,EC Granted,EC
37,,SIA/WB/IND2/207364/2021,EN/T-II-1/112/2021,PROPOSED MANUFACTURING OF PHARMA INTERMEDIATE AND ACTIVE PHARMACEUTICAL INTERMEDIATE (API) / BULK DRUGS,AURIO PHARMA LABORATORIES PVT. LTD,Delisted,EC
38,,SIA/WB/IND2/240548/2021,EN/T-II-1/018/2022,"Proposed Grain-based Distillery Unit for production of 160 KLD Anhydrous Ethanol along with Captive Power Plant (4.4 MW) of M/s. Pratishtha Spirits Private Limited at Plot No. A9 & A10 near WBIDC Office, Panagarh Industrial Park, Paschim Bardhhaman, ",PRATISHTHA SPIRITS PRIVATE LIMITED,WithdrawEC,EC
39,,SIA/WB/IND2/254703/2022,EN/T-II-1/020/2022,O2 Chemicals Private Limited, O2 CHEMICALS PRIVATE LIMITED,Transfered SEIAA To MOEFCC,EC
40,,SIA/WB/IND2/277881/2022,EN/T-II-1/042/2022,"Proposed Onshore Exploratory drilling of 7 wells in Bengal Onshore OALP-III Block BP-ONHP-2018/1 situated in North 24 Parganas and South 24 Parganas districts, West Bengal by M/s. ONGC Limited, MBA Basin", OIL AND NATURAL GAS CORPORATION LIMITED,EC Granted,EC
41,,SIA/WB/IND2/278404/2022,EN/T-II-1/043/2022,"Drilling of 20 Shale gas Exploratory Wells in Raniganj (South) CBM Block, West Bengal by Great Eastern Energy Corporation Limited",M/S. GREAT EASTERN ENERGY CORPORATION LTD,EC Granted,EC
42,,SIA/WB/IND2/28964/2006,EN/T-II-1/081/2018,Proposed Expansion of PTA manufacturing capacity by setting up a plant of 1.25 MTPA capacity.,MCPI,EC Granted,EC
43,,SIA/WB/IND2/38362/2018,,Establishment of one LPG yard (storage facility) consisting of 2 nos. 10 MT Bullet,EXIDE INDUSTRIES LIMITED,Pending at PP due to eds,EC
44,,SIA/WB/IND2/42446/2018,EN/T-II-1/071/2019,TANDHAN BIOCHEMICALS PRIVATE LIMITED,TANDHAN BIOCHEMICALS PRIVATE LIMITED,EC Granted,EC
45,,SIA/WB/IND2/44360/2016,EN/T-II-1/010/2020,"Proposed 200 KLPD Grain Based Distillery along with 5.0 MW Co-Generation Power Plant at Village Jorsha & Teghoria, Tehsil Mejhia, District Bankura (West Bengal) by Ankoor Distilleries Private Limited",ANKOOR DISTILLERIES PRIVATE LIMITED,Delisted,EC
46,,SIA/WB/IND2/99131/2019,,Sai Fertilizers Pvt. Ltd.,SAI FERTILIZERS PVT LTD,Delisted,EC
47,,SIA/WB/IND3/247368/2021,EN/T-II-1/017/2022,"Proposed Expansion of existing Bulk Drug Manufacturing Unit (API) of M/s. East India Pharmaceutical Works Limited at Raturia, Waria Road, P.O – Durgapur-15, P.S. – Coke Oven, District – Paschim Burdwan , PIN – 713215", EAST INDIA PHARMACEUTICAL WORKS LIMITED,Delisted,EC
48,,SIA/WB/IND3/72391/2020,EN/T-II-1/021/2020,"Proposed Synthetic Resin Production Plant (UF Resin, PF Resin & MF Resin) for Laminate Manufacturing Unit of M/s Intim Laminates Pvt. Ltd.",M/S INTIM LAMINATES PVT. LTD.,EC Granted,EC
49,,SIA/WB/MIN/125834/2019,,PALSARA BLACK STONE MINE,WEST BENGAL MINERAL DEVELOPMENT AND TRADING CORPORATION LIMITED,Delisted,EC
50,,SIA/WB/MIN/133590/2019,EN/T-II-1/01/2020,Palsara Black Stone Mine,WEST BENGAL MINERAL DEVELOPMENT AND TRADING CORPORATION LIMITED,Delisted,EC
51,,SIA/WB/MIN/141542/2020,EN/T-II-1/009/2020,PALSARA BLACK STONE MINE,WEST BENGAL MINERAL DEVELOPMENT AND TRADING CORPORATION LIMITED,EC Granted,EC
52,,SIA/WB/MIN/166218/2020,EN/T-II-1/033/2020,"Malbagicha Sand Mine (Area- 1.14 Hectares) on Silabati River on Plot No. 48(P), 56, 57(P), 58(P), 59, 60, 61(P), & 62(P)",ATAUR RAHAMAN MONDAL,Delisted,EC
53,,SIA/WB/MIN/166284/2020,EN/T-II-1/040/2020,Bhattagram Sand Mine (Area- 0.80 Hectares) on Silabati River on Plot No. 680(P),MR. BABLU SARKAR,Delisted,EC
54,,SIA/WB/MIN/166343/2020,EN/T-II-1/030/2020,"Bhalukmura Sand Mine (Area- 2.02 Hectares) on Silabati River on Plot No. 16(P), 63(P) & 77(P)",PRASANTA KARAK,Delisted,EC
55,,SIA/WB/MIN/166404/2020,EN/T-II-1/034/2020,"Baranda Sand Mine (Area- 0.90 Hectares) on Silabati River on Plot No. 1(P), Mouza-Baranda, P.S-Garhbeta, Dist-Paschim Medinipur.",ATAUR RAHAMAN MONDAL,Delisted,EC
56,,SIA/WB/MIN/166445/2020,EN/T-II-1/036/2020,"Bhimbar Sand Mine (Area: 0.88 ha) on Kangshabati River Plot No. 392(P) & 393(P),, P.S. Keshpur, District- Paschim Medinipore",SWAPAN DAS BHOWMIK,Delisted,EC
57,,SIA/WB/MIN/166486/2020,EN/T-II-1/025/2020,"River Bed Sand Mining by M/s Excel Movers at Bhagabankhali 1, Purba Medinipur, West bengal",EXCEL MOVERS,Delisted,EC
58,,SIA/WB/MIN/166540/2020,EN/T-II-1/031/2020,"MOLDANGA SAND MINE (AREA- 0.42 HECTARES) ON SILABATI RIVER ON Plot No.- 473(P), MOUZA- MOLDANGA, P.S. - GARHBETA, DISTRICT- PASCHIM MEDINIPUR, STATE- WEST BENGAL",PRASANTA KARAK,Delisted,EC
59,,SIA/WB/MIN/166548/2020,,"Chhotapasha Sand Mine (Area: 1.42ha) on Kangshabati River on Plot No. 266 (P), P.S. Keshpur, District Paschim Medinipore",SHEIKH MURSED ALI,Delisted,EC
60,,SIA/WB/MIN/167675/2020,EN/T-II-1/039/2020,"BHATPARA SAND MINE (AREA-2.30 HECTARES) ON KANGSHABATI RIVER ON Plot No.-172(P)& 194(P),LOCATED AT MOUZA- BHATPARA, P.S. - MEDINIPUR, DISTRICT- PASCHIM MEDINIPUR, STATE- WEST BENGAL,JL NO. 84",SUBHRANGSU KUMAR GHOSH,Delisted,EC
61,,SIA/WB/MIN/167774/2020,EN/T-II-1/038/2020,"NALDUMRA SAND MINE (AREA- 5.00 HECTARES) ON KANGSHABATI RIVER ON Plot No.-46(P).LOCATED AT MOUZA- NALDUMRA, P.S. - MIDNAPORE, DISTRICT- PASCHIM MEDINIPUR, STATE- WEST BENGAL, JL NO. 82",SHEIKH FIROZUDDIN,Delisted,EC
62,,SIA/WB/MIN/168432/2020,EN/T-II-1/037/2020,"CHAKMANSUR SAND MINE (AREA- 2.16HECTARES) ON KANGSHABATI RIVER ON Plot No.-193(P) LOCATED AT MOUZA- CHAKMANSUR, P.S. -KESHPUR, DISTRICT- PASCHIM MEDINIPUR, STATE- WEST BENGAL,JL NO. 617",SEK BARIK,Delisted,EC
63,,SIA/WB/MIN/171096/2020,EN/T-II-1/035/2020,"RAGHUNATHPUR SAND MINE (AREA- 4.89 HECTARES) ON KANGSHABATI RIVER ON Plot No.-1041(P), 1003(P) & 1002(P), MOUZA- RAGHUNATHPUR, P.S. -MIDNAPORE, DISTRICT- PASCHIM MEDINIPUR, STATE- WEST BENGAL,JL NO. 271",SK. REJABUL,Delisted,EC
64,,SIA/WB/MIN/171781/2020,EN/T-II-1/022/2020,"Granite Stone Quarry Upardanga Nort Block at  Talsankra,Purulia, WestBengal",M/S TODI MINERALS,EC Granted,EC
65,,SIA/WB/MIN/172750/2020,EN/T-II-1/068/2020,Sk Sajahan Propitor,SK SAJAHAN PROPITOR,Delisted,EC
66,,SIA/WB/MIN/172808/2020,EN/T-II-1/069/2020,Manik Bera Proprietor,MANIK BERA PROPRIETOR,Delisted,EC
67,,SIA/WB/MIN/172925/2020,EN/T-II-1/067/2020,Suvendu Debnath proprietor,SUVENDU DEBNATH PROPRIETOR,Delisted,EC
68,,SIA/WB/MIN/173919/2020,,Riverbed Materials From Damodar River,SABIR ANSARI,Delisted,EC
69,,SIA/WB/MIN/174437/2020,EN/T-II-1/061/2020,Rajab Brick Field,SK. RAHIM,Delisted,EC
70,,SIA/WB/MIN/174530/2020,EN/T-II-1/024/2020,SAND MINING PROJECT AT RIVERBED OF KANGSABATI RIVER,SABIR ANSARI,Delisted,EC
71,,SIA/WB/MIN/175087/2020,EN/T-II-1/029/2020,"CHAKDAULAT SAND MINE (AREA- 1.47 HECTARES) ON KANGSHABATI RIVER ON Plot No.- 324(P), MOUZA- CHAKDAULAT, P.S. - MEDINIPUR, DISTRICT- PASCHIM MEDINIPUR, STATE- WEST BENGAL, JL NO. -285",IYAMIN MONDAL,Delisted,EC
72,,SIA/WB/MIN/175223/2020,EN/T-II-1/001/2021,"Subarnarekha river bed sand mining possesses by Srikanta Mondal over an area  4.99 hectare/ 5.00 Hectare at mouza - Dangariai, Dist - Jhargram for ordinary sand mining",SRIKANTA MONDAL - MGB 162,Delisted,EC
73,,SIA/WB/MIN/177481/2020,EN/T-II-1/023/2020,AMILASAI SAND MINE ON SUBARNAREKHA RIVER,VARIETY VYAPAAR PRIVATE LIMITED,Delisted,EC
74,,SIA/WB/MIN/177970/2020,EN/T-II-1/056/2020,ULIARA SAND MINE OF M/S BASU AGROFARMS PRIVATE LIMITED,"MS BASU AGROFARMS PRIVATE LIMITED,  ULIARA SAND MINE (DWARAKESHWAR RIVER)",Delisted,EC
75,,SIA/WB/MIN/179490/2020,,Dakhsin Rasulpur Brick Earth Mining project,CRYSTAL CONSULTANTS,Delisted,EC
76,,SIA/WB/MIN/179541/2020,,Bagbari Brick Soil Mining Project,CRYSTAL CONSULTANTS,Delisted,EC
77,,SIA/WB/MIN/179547/2020,,Bagbari Brick Soil Mining Project,CRYSTAL CONSULTANTS,Delisted,EC
78,,SIA/WB/MIN/179956/2020,,Gopiballavpur - I Sand Block MGB - 123 of Ashok kr. Bala,ASHOK KR. BALA,Delisted,EC
79,,SIA/WB/MIN/179964/2020,,Anail Brick Earth,CRYSTAL CONSULTANTS,Delisted,EC
80,,SIA/WB/MIN/180009/2020,,Brick Earth Mine Mouza Adna,CRYSTAL CONSULTANTS,Delisted,EC
81,,SIA/WB/MIN/180117/2020,EN/T-II-1/043/2020,Gopiballavpur - I Sand Block MGB - 123 of Ashok kr. Bala.,ASHOK KR. BALA,Delisted,EC
82,,SIA/WB/MIN/180162/2020,,Brick Earth Mine Mouza – Bahuthar,CRYSTAL CONSULTANTS,Delisted,EC
83,,SIA/WB/MIN/180186/2020,,Purba Bejpura Brick Earth,CRYSTAL CONSULTANTS,Delisted,EC
84,,SIA/WB/MIN/180294/2020,,Kamancha Brick Earth Mine,CRYSTAL CONSULTANTS,Delisted,EC
85,,SIA/WB/MIN/180347/2020,,Kumarganj Brick Soil Mining Project,CRYSTAL CONSULTANTS,Delisted,EC
86,,SIA/WB/MIN/180373/2020,,Brick earth Mine on Mouza – Laliabari,CRYSTAL CONSULTANTS,Delisted,EC
87,,SIA/WB/MIN/180560/2020,EN/T-II-1/041/2020,Gopiballavpur - I Sand Block MGB - 124 of  Ezaharul Hossain,EZAHARUL HOSSAIN,Delisted,EC
88,,SIA/WB/MIN/180576/2020,EN/T-II-1/042/2020,Gopiballavpur - I Sand Block MGB - 125 of Sk. Karim.,SK. KARIM,Delisted,EC
89,,SIA/WB/MIN/181121/2020,EN/T-II-1/002/2021,Subarnarekha river bed project by Sushanta Mondal,SUBRANAREKHA RIVER BED MINING BY SUSHANTA MONDAL,WithdrawEC,EC
90,,SIA/WB/MIN/181252/2020,EN/T-II-1/003/2021,"Subarnarekha river Bed project of Mandiara Dasadhikari Chanda, MSHB-1",MANDIRA DASADHIKARI CHANDA - MSHB 1,Delisted,EC
91,,SIA/WB/MIN/181566/2020,EN/T-II-1/045/2020,Hinjuri Sand Block 0117DR002,PRADIP MUKHERJEE,Delisted,EC
92,,SIA/WB/MIN/181602/2020,EN/T-II-1/044/2020,Hinjuri Sand Block 0117DR001 of Jana Engineering Works,JANA ENGINEERING WORKS,Delisted,EC
93,,SIA/WB/MIN/181622/2020,EN/T-II-1/046/2020,Damodar Mohan Sand Block 0105DM004 of Nikhil Kumar Roy,NIKHIL KUMAR ROY,Delisted,EC
94,,SIA/WB/MIN/183020/2020,EN/T-II-1/048/2020,KATNA SAND MINE OF M/S DEBRAJ ENTERPRISE,KATNA SAND MINE OF M/S DEBRAJ ENTERPRISE,Delisted,EC
95,,SIA/WB/MIN/183225/2020,EN/T-II-1/051/2020,River Bed Sand Mining project on Ajay River of M/s National Traders,M/S NATIONAL TRADERS,Delisted,EC
96,,SIA/WB/MIN/183441/2020,EN/T-II-1/047/2020,Rerapal Sand Block MSB-44 of Md. Moshiur Rahaman Khan,MD. MOSHIUR RAHAMAN KHAN,Delisted,EC
97,,SIA/WB/MIN/183457/2020,EN/T-II-1/049/2020,River Bed Sand Mining Project on Ajay River of Shri Laltu Dutta,RIVER BED SAND MINING PROJECT ON AJAY RIVER OF SHRI LALTU DUTTA,Delisted,EC
98,,SIA/WB/MIN/183586/2020,EN/T-II-1/050/2020,River Bed Sand Mining Project on Ajay River of Shri Laltu Dutta,RIVER BED SAND MINING PROJECT ON AJAY RIVER (3.50 HA.) OF SHRI LALTU DUTTA,Delisted,EC
99,,SIA/WB/MIN/183731/2020,EN/T-II-1/030/2021,Sand Mining On Damoder River Bed,SANJAY BHAKTA,Delisted,EC
100,,SIA/WB/MIN/183734/2020,EN/T-II-1/055/2020,River Bed Sand Mining Project on Ajay River of M/s Ganesh Nandy,M/S GANESH NANDY,Delisted,EC
101,,SIA/WB/MIN/183741/2020,EN/T-II-1/054/2020,Garhbeta Sand Block MGARB-29 of Prabhas Ghosh,PRABHAS GHOSH,Delisted,EC
102,,SIA/WB/MIN/183803/2020,,Jamalpur  Sand Mining(Selimabad)-Manas Kumar Dharas Kuma,RAY TECHNO SOLUTIONS,Delisted,EC
103,,SIA/WB/MIN/183978/2020,EN/T-II-1/064/2020,"MALYAN SAND MINE (AREA- 1.55 HECTARES) ON KANGSHABATI RIVER ON Plot No.-68(P) & 69(P) LOCATED AT MOUZA- MALYAN, P.S. - KESHPUR, DISTRICT- PASCHIM MEDINIPUR, STATE- WEST BENGAL, JL NO. 625",SITESH DHARA,Delisted,EC
104,,SIA/WB/MIN/184106/2020,EN/T-II-1/052/2020,Gopiballavpur – I Sand Block MGB – 103,PRANESHYAM RAKSHIT,WithdrawEC,EC
105,,SIA/WB/MIN/184139/2020,EN/T-II-1/014/2021,Gopiballavpur – I Sand Block MGB – 104,KARAMCHAND PAL,Delisted,EC
106,,SIA/WB/MIN/184355/2020,EN/T-II-1/015/2021,Gopiballavpur - I Sand Block MGB - 105,SK. KARIM,Delisted,EC
107,,SIA/WB/MIN/184626/2020,,BRICK SILT MINING FOR M/S MAMTA BRICK WORKS,M/S MAMTA BRICK WORKS,Delisted,EC
108,,SIA/WB/MIN/184855/2020,EN/T-II-1/060/2021,Subarnarekha River bed Project,CHAKRABORTY ENTERPRISE,Delisted,EC
109,,SIA/WB/MIN/184883/2020,,"Kotsimul Sand Mining on Kanki River, Maa Tara Builders",RAY TECHNO SOLUTIONS,Delisted,EC
110,,SIA/WB/MIN/184961/2020,,"Bangpur Sand Mine, Shri Dinanath Chawdhery",RAY TECHNO SOLUTIONS,Delisted,EC
111,,SIA/WB/MIN/184993/2020,EN/T-II-1/032/2021,PURBATOR SAND MINE,PURBATOR SAND MINE OF SHRI SANTOSH KUMAR CHOURASIA,Delisted,EC
112,,SIA/WB/MIN/185178/2020,EN/T-II-1/016/2021,Gopiballavpur – II Sand Block MGB – 166,SHAKTIPADA RAY,Delisted,EC
113,,SIA/WB/MIN/185269/2020,,"Dadpur Sand Mine ob Damodar River, Kamal Kumar Ghosh",RAY TECHNO SOLUTIONS,Delisted,EC
114,,SIA/WB/MIN/185370/2020,EN/T-II-1/027/2021,Gopiballavpur - II Sand Block MGB - 165,ANURAN KUMAR SENAPATI,Delisted,EC
115,,SIA/WB/MIN/185547/2020,,Akalpur Brick Soil Mining Project,CRYSTAL CONSULTANTS,Delisted,EC
116,,SIA/WB/MIN/185661/2020,,Diagram Brick Soil Mining Project For M/s Jodupur Bricks Field,CRYSTAL CONSULTANTS,Delisted,EC
117,,SIA/WB/MIN/185700/2020,,Dakshin Sahar Brick Soil Mining Project For M/s K.D. Brick Works-II,CRYSTAL CONSULTANTS,Delisted,EC
118,,SIA/WB/MIN/185745/2020,,Agampur Brick Earth Mining Project,CRYSTAL CONSULTANTS,Delisted,EC
119,,SIA/WB/MIN/185748/2020,,Lakhipur Brick Soil Mining Project For M/s No. 1 Lakhipur Brick Field (Extension Unit),CRYSTAL CONSULTANTS,Delisted,EC
120,,SIA/WB/MIN/185870/2020,,Kaligram Brick Soil Mining Project For M/s Radha Brick Field & Co. Unit - I,CRYSTAL CONSULTANTS,Delisted,EC
121,,SIA/WB/MIN/185968/2020,,Lakshmipur Brick Soil Mining Project,CRYSTAL CONSULTANTS,Delisted,EC
122,,SIA/WB/MIN/185978/2020,,Mobarakpur Brick Soil Mining Project For M/s Highway Brick Field Unit – II,CRYSTAL CONSULTANTS,Delisted,EC
123,,SIA/WB/MIN/186054/2020,EN/T-II-1/072/2020,Mankyapal Sand Block M.BIN.B-34 of Bidhan Patra,BIDHAN PATRA,Request for withdraw,EC
124,,SIA/WB/MIN/186103/2020,,Sujapur Brick Soil Mining Project For M/s Gupta Brick Field,CRYSTAL CONSULTANTS,Delisted,EC
125,,SIA/WB/MIN/186119/2020,,Jhanjra Brick Soil Mining Project,CRYSTAL CONSULTANTS,Delisted,EC
126,,SIA/WB/MIN/186224/2020,,Moulpur Brick Soil Mining Project For M/s Agarwala Brick Manufacturer’s,CRYSTAL CONSULTANTS,Delisted,EC
127,,SIA/WB/MIN/186261/2020,EN/T-II-1/071/2020,Katna Sand Block 0117DR010 of Patit Makur,PATIT MAKUR,Delisted,EC
128,,SIA/WB/MIN/186275/2020,EN/T-II-1/070/2020,Katna Sand Block 0117DR009 of Prasenjit Maji,PRASENJIT MAJI,Delisted,EC
129,,SIA/WB/MIN/186334/2020,,Suti Brick Earth Mine For A.B.F. Brick Field,CRYSTAL CONSULTANTS,Delisted,EC
130,,SIA/WB/MIN/186341/2020,,Berada Quartz Mine,RSP GREEN DEVELOPMENT AND LABORATORIES PVT. LTD.,WithdrawEC,EC
131,,SIA/WB/MIN/186827/2020,EN/T-II-1/031/2021,PALLA SAND MINE ON DAMODAR RIVER,PALLA SAND MINE OF SHRI CHANDAN GARAI,Delisted,EC
132,,SIA/WB/MIN/186847/2020,,Darol Brick Earth Mine,CRYSTAL CONSULTANTS,Delisted,EC
133,,SIA/WB/MIN/186855/2020,EN/T-II-1/023/2021,M/s Elora Brick Field,M/S ELORA BRICK FIELD,WithdrawEC,EC
134,,SIA/WB/MIN/186932/2020,,Meghdumra Brick Earth Mine,CRYSTAL CONSULTANTS,Delisted,EC
135,,SIA/WB/MIN/186940/2020,,Sripur Brick Earth Mine,CRYSTAL CONSULTANTS,Delisted,EC
136,,SIA/WB/MIN/187125/2020,,Basilhat Brick Earth Mine For J. J. Brick Field,CRYSTAL CONSULTANTS,Delisted,EC
137,,SIA/WB/MIN/187340/2020,,"Haibatpur Sand Mine on Damodar River, (Santilata Roy)",RAY TECHNO SOLUTIONS,Delisted,EC
138,,SIA/WB/MIN/187407/2020,EN/T-II-1/049/2021,BERADA QUARTZ MINE,M/S KALKONS,EC Granted,EC
139,,SIA/WB/MIN/187556/2020,,M/s PADMA BRICK INDUSTRIES,M/S PADMA BRICK INDUSTRIES,Delisted,EC
140,,SIA/WB/MIN/187562/2020,EN/T-II-1/135/2021,SEEMA BRICKS WORKS,MS SEEMA BRICKS,Delisted,EC
141,,SIA/WB/MIN/187843/2020,EN/T-II-1/147/2021,M/s SARADA BRICK FIELD,M/S SARADA BRICK FIELD,Delisted,EC
142,,SIA/WB/MIN/188022/2020,EN/T-II-1/132/2021,FRIENDS BRICK FIELD,M/S FRIENDS BRICK,Delisted,EC
143,,SIA/WB/MIN/188034/2020,,T.R.S. Brick Field,M/S T.R.S. BRICK FIELD,Delisted,EC
144,,SIA/WB/MIN/188237/2020,EN/T-II-1/146/2021,PAWAN BRICK EARTH,PAWAN BRICKS FIELD,Delisted,EC
145,,SIA/WB/MIN/188839/2020,EN/T-II-1/133/2021,GURU BRICK EARTH,M/S GURU BRICKS,Delisted,EC
146,,SIA/WB/MIN/188890/2020,,DURGANAGAR BRICK EARTH MINE,M/S RAMESHWAR BRICK INDUSTRIES,Delisted,EC
147,,SIA/WB/MIN/188946/2020,,GOYAL DANGA ARRAH BRICK EARTH MINE,M/S DURGA BRICKS,Delisted,EC
148,,SIA/WB/MIN/189120/2020,,"POSHTANKA SAND MINE (AREA- 0.81 HECTARES) ON KANGSHABATI RIVER ON Plot No.-1(P) LOCATED AT MOUZA-POSHTANKA, P.S. - DASPUR, DISTRICT- PASCHIM MEDINIPUR, STATE- WEST BENGAL, JL NO. 121",JOY GURU CONSTRUCTION,Delisted,EC
149,,SIA/WB/MIN/189216/2020,EN/T-II-1/022/2021,M/s Lux Brick Field,M/S LUX BRICK FIELD,Delisted,EC
150,,SIA/WB/MIN/189642/2020,EN/T-II-1/024/2021,Sayed mia Brick Field,M/S SAYED MIA BRICK FIELD,Delisted,EC
151,,SIA/WB/MIN/189700/2020,EN/T-II-1/148/2021,ARYAN STONE QUARRY,M/S ARYAN STONE QUARRY,Rejection Letter Granted,EC
152,,SIA/WB/MIN/189712/2020,,M/s Sayed Mia Brick Field,M/S BIRLA BRICK FIELD,Delisted,EC
153,,SIA/WB/MIN/189797/2020,,M/s Ajanta Brick Field,M/S AJANTA BRICK FIELD,Delisted,EC
154,,SIA/WB/MIN/189879/2020,,M/s B.K.S Brick Field,BKS BRICK FIELD,Delisted,EC
155,,SIA/WB/MIN/189890/2020,,M/s N.S.B Brick Field,M/S N.S.B BRICK FIELD,Delisted,EC
156,,SIA/WB/MIN/189895/2020,,M/s Tekriwal Brick Field,M/S TEKRIWAL BRICK FIELD,Delisted,EC
157,,SIA/WB/MIN/189909/2020,,M/s Fiza Brick Field,M/S FIZA BRICK FIELD,Delisted,EC
158,,SIA/WB/MIN/189916/2020,,M/s Oriental Brick Field,M/S ORIENTAL BRICK FIELD,Delisted,EC
159,,SIA/WB/MIN/189920/2020,,M/s B.C.S Brick Field,M/S B.C.S BRICK FIELD,Delisted,EC
160,,SIA/WB/MIN/189940/2020,,M/s Baby Brick Field,M/S BABY BRICK FIELD,Delisted,EC
161,,SIA/WB/MIN/190416/2020,EN/T-II-1/040/2021,Baguli Stone Mine,CHINMOY MONDAL,Delisted,EC
162,,SIA/WB/MIN/190513/2020,,"Kanua Brick Earth Mine For M/s Baba Brick Field, Area 3.32 Acres",P & M SOLUTION,Delisted,EC
163,,SIA/WB/MIN/190522/2020,,"Gahulapara Brick Earth Mine For M/s K.M.B. Brick Field, Area 3.37 Acres",P & M SOLUTION,Delisted,EC
164,,SIA/WB/MIN/190526/2020,,"Kushmai Brick Earth Mine For M/s K.M. Brick Field, Area 2.97 Acres",P & M SOLUTION,Delisted,EC
165,,SIA/WB/MIN/190528/2020,,"Owari Brick Earth Mine For M/s Sona Brick Field, Area 3.03 Acres",P & M SOLUTION,Delisted,EC
166,,SIA/WB/MIN/190594/2020,EN/T-II-1/136/2021,DURGANAGAR BRICK EARTH MINE,M/S RAMESHWAR BRICK INDUSTRIES,Delisted,EC
167,,SIA/WB/MIN/191049/2021,EN/T-II-1/134/2021,GOYAL DANGA ARRAH BRICK EARTH MINE,M/S DURGA BRICKS,Delisted,EC
168,,SIA/WB/MIN/191109/2021,,Subarnarekha river bed project,SUBARNAREKHA RIVER BED SAND MINING,WithdrawEC,EC
169,,SIA/WB/MIN/191197/2021,EN/T-II-1/130/2021,DEEP DUTTA SAND MINE (MSB-58),DEEP DUTTA SAND,Delisted,EC
170,,SIA/WB/MIN/191553/2021,EN/T-II-1/013/2021,Gopiballavpur - II Sand Block MGB - 56 of Altaf Hossain,ALTAF HOSSAIN,Delisted,EC
171,,SIA/WB/MIN/191772/2021,EN/T-II-1/035/2021,Gobindapur Quartz Mine,JBS PROJECTS PRIVATE LTD.,EC Granted,EC
172,,SIA/WB/MIN/191790/2021,T-II-1/068/2021,Subarnarekha river bed - Simanta Mondal MSHB-8,SUBARNAREKHA RIVER BED SAND MINING,Delisted,EC
173,,SIA/WB/MIN/192263/2021,EN/T-II-1/082/2021,Narottambati Brick Earth Mine,M/S KALIMATA BRICK FIELD,Delisted,EC
174,,SIA/WB/MIN/192291/2021,EN/T-II-1/084/2021,Napara & Mashila Brick Earth Mine,M/S SNB BRICKS FIELD,Delisted,EC
175,,SIA/WB/MIN/192589/2021,EN/T-II-1/077/2021,Narottambati Brick Earth Mine,TARA BRICK FIELD,Delisted,EC
176,,SIA/WB/MIN/192606/2021,EN/T-II-1/025/2021,Rerapal Sand Block MSB-41 of Jagadish Ghosh.,JAGADISH GHOSH,Delisted,EC
177,,SIA/WB/MIN/192683/2021,EN/T-II-1/072/2021,Kumirkola,M/S ALAM ENTERPRISE,Delisted,EC
178,,SIA/WB/MIN/192797/2021,EN/T-II-1/087/2021,Babla Brick / Earth Mine,TARAMA BRICK FIELD,Delisted,EC
179,,SIA/WB/MIN/192809/2021,,Kotsimul Sand Mine on Mundeswari River-Dibyendu Dey,RAY TECHNO SOLUTIONS,Delisted,EC
180,,SIA/WB/MIN/192882/2021,EN/T-II-1/071/2021,Dumur,INAAYA ENTERPRISE,Delisted,EC
181,,SIA/WB/MIN/192997/2021,EN/T-II-1/026/2021,Gopiballavpur - II Sand Block MGB - 11 of Anupam Senapati,ANUPAM SENAPATI,Delisted,EC
182,,SIA/WB/MIN/193035/2021,EN/T-II-1/070/2021,River bed Project with block number MSHB - 12,MSHB 12 BLOCK ON SUBARNAREKHA RIVER BED,Delisted,EC
183,,SIA/WB/MIN/193106/2021,EN/T-II-1/028/2021,Gopiballavpur - II Sand Block MGB - 20 of Sk. Jakir Hossen,SK. JAKIR HOSSEN,Delisted,EC
184,,SIA/WB/MIN/193118/2021,EN/T-II-1/069/2021,Subarnarekha river bed project MSHB-9,SRIKANTA MONDAL - MSHB 9,Delisted,EC
185,,SIA/WB/MIN/193462/2021,,HMB Brick Field,HMB BRICK FIELD,Delisted,EC
186,,SIA/WB/MIN/193527/2021,,Joy Maa Durga Brick Field,JOY MAA DURGA BRICK FIELD,Delisted,EC
187,,SIA/WB/MIN/193697/2021,EN/T-II-1/034/2021,CHHIPRA SAND MINE,HMHG CONSTRUCTION,Delisted,EC
188,,SIA/WB/MIN/193769/2021,,"M/s Maa Tara Brick Field in Mouza – Harirampur, Area 4.64 Acres",P & M SOLUTION,Delisted,EC
189,,SIA/WB/MIN/193776/2021,,"M/s Super Brick Field in Mouza – Sripur, Area 4.25 Acres",P & M SOLUTION,Delisted,EC
190,,SIA/WB/MIN/193875/2021,EN/T-II-1/129/2021,Chhoto Chowkisboss Sand Mine,S AGARWAL,Delisted,EC
191,,SIA/WB/MIN/193952/2021,EN/T-II-1/061/2021,Gopiballavpur - II Sand Block MGB - 97 of Tanay Maity,TANAY MAITY,Delisted,EC
192,,SIA/WB/MIN/194007/2021,EN/T-II-1/126/2021,DHANTALI SAND MINE,ATIAR RAHAMAN,Delisted,EC
193,,SIA/WB/MIN/194297/2021,EN/T-II-1/066/2021,Jaldhaka River Bed Sand Project,MUKUNDA BERMAN,Delisted,EC
194,,SIA/WB/MIN/194366/2021,EN/T-II-1/050/2021,Khatanga Quartz Mine,BANKURA MINES AND MINERALS PVT. LTD.,EC Granted,EC
195,,SIA/WB/MIN/194523/2021,EN/T-II-1/065/2021,Andaran Panishala Sand Mine,AFIJUL MOHAMMAD,Delisted,EC
196,,SIA/WB/MIN/194546/2021,EN-T-II-1/067/2021,sand river mining Dharalar river in Mahishmuri Mouza,JAHANGIR ALAM,Delisted,EC
197,,SIA/WB/MIN/194584/2021,,MD BAZAR STONE CRUSHER MINE,SUPIND KOLKATA,WithdrawEC,EC
198,,SIA/WB/MIN/194766/2021,EN/T-II-1/094/2021,Gerai Sand Mine on Kunur River,SOMRITH ENTERPRISE,Delisted,EC
199,,SIA/WB/MIN/195356/2021,EN/T-II-1/029/2021,Gopiballavpur - II Sand Block MGB - 9 of Rakhal Mahato,RAKHAL MAHATO,Delisted,EC
200,,SIA/WB/MIN/195388/2021,,Mansai river bed sand mining,GANESH BERMAN,Delisted,EC
201,,SIA/WB/MIN/195678/2021,EN/T-II-1/033/2021,"River Bed Sand from the ""Kumari River""",M/S SRI UTTAM KUMAR MAHATO,Delisted,EC
202,,SIA/WB/MIN/195789/2021,,"Idilpur Sand Mine, ( Namita Enterprise)",RAY TECHNO SOLUTIONS,Delisted,EC
203,,SIA/WB/MIN/196381/2021,EN/T-II-1/043/2021,Gopiballavpur - II Sand Block MGB - 93 of Sheikh Selimuddin,SHEIKH SELIMUDDIN,Delisted,EC
204,,SIA/WB/MIN/196549/2021,,Palla Sand Mine (Santilata Roy),RAY TECHNO SOLUTIONS,Delisted,EC
205,,SIA/WB/MIN/196592/2021,EN/T-II-1/056/2021,Gopiballavpur - II Sand Block MGB - 10 of Ashis Kumar Manna,ASHIS KUMAR MANNA,Delisted,EC
206,,SIA/WB/MIN/196685/2021,EN/T-II-1/086/2021,"GOPINATHPUR SAND MINE (AREA- 0.30HECTARES) ON KANGSHABATI RIVER ON Plot No.-477(P), 478(P) & 585(P) LOCATED AT MOUZA- GOPINATHPUR, P.S. - KESHPUR, DISTRICT- PASCHIM MEDINIPUR, STATE- WEST BENGAL, JL NO. 321",MR. PRASANTA KARAK,Delisted,EC
207,,SIA/WB/MIN/196771/2021,EN-T-II-1/055/2021,Gopiballavpur - II Sand Block MGB - 94 of Sayed Asfak Ali,SAYED ASFAK ALI,Delisted,EC
208,,SIA/WB/MIN/196805/2021,EN/T-II-1/052/2021,Gopiballavpur - I Sand Block MGB - 15 of Najmul Khan,NAJMUL KHAN,Delisted,EC
209,,SIA/WB/MIN/196809/2021,,"Kansra Sand Mine, Basudev Majhi",RAY TECHNO SOLUTIONS,Delisted,EC
210,,SIA/WB/MIN/196914/2021,EN/T-II-1/054/2021,Gopiballavpur - II Sand Block MGB - 90 of Sk. Karim,SK. KARIM,Delisted,EC
211,,SIA/WB/MIN/197013/2021,,"Kherua Sand Mine on Ajay River, Binoy Dhara",RAY TECHNO SOLUTIONS,Delisted,EC
212,,SIA/WB/MIN/197017/2021,,"Bangpur Sand Mine on Damodar River,Shib Narayan Shaw",RAY TECHNO SOLUTIONS,Delisted,EC
213,,SIA/WB/MIN/197029/2021,EN/T-II-1/053/2021,Gopiballavpur - II Sand Block MGB - 21 of Uttam Satpathy,UTTAM SATPATHY,Delisted,EC
214,,SIA/WB/MIN/197063/2021,EN/T-II-1/137/2021,Brick Earth Mine of D. K. Enterprise of Netai Das,D. K. ENTERPRISE,Delisted,EC
215,,SIA/WB/MIN/197196/2021,EN/T-II-1/100/2021,Torsa River bed sand mine,TORSA RIVER BED SAND MINE,Delisted,EC
216,,SIA/WB/MIN/197278/2021,,Rerapal Sand Mine,RERAPAL SAND MINE,Delisted,EC
217,,SIA/WB/MIN/197473/2021,EN/T-II-1/099/2021,Balia Sand Mine,M/S GREEGO DRIVE PVT. LTD,Delisted,EC
218,,SIA/WB/MIN/197478/2021,,Uttar Ramnagar Brick Earth Mine For M/s Rose Brick Field,P & M SOLUTION,Delisted,EC
219,,SIA/WB/MIN/197506/2021,,Damanbhiti Brick Soil Mining Project For M/s Choudhary Brothers Unit - II Brick Field,P & M SOLUTION,Delisted,EC
220,,SIA/WB/MIN/197709/2021,,Sujapur Brick Soil Mining Project For M/s Maa Laxmi Brick Field,P & M SOLUTION,Delisted,EC
221,,SIA/WB/MIN/197719/2021,,Konar Brick Soil Mining Project For M/s Power Brick Field,P & M SOLUTION,Delisted,EC
222,,SIA/WB/MIN/197729/2021,,Sukan Dighi Brick Earth Mine For M/s Raja Brick Field,P & M SOLUTION,Delisted,EC
223,,SIA/WB/MIN/197894/2021,EN/T-II-1/090/2021,Brick Earth Mine of M/s Jogendra Prasad Nagendra Prasad of Jogendra Prasad & Others,M/S JOGENDRA PRASAD NAGENDRA PRASAD,Delisted,EC
224,,SIA/WB/MIN/198036/2021,,Brick Earth Mine of M/s Bijay Prasad,M/S BIJAY PRASAD,Delisted,EC
225,,SIA/WB/MIN/198063/2021,,Brick Earth Mine of M/s North Bengal Bricks Industries (P) Ltd.,M/S NORTH BENGAL BRICKS INDUSTRIES (P) LTD.,Delisted,EC
226,,SIA/WB/MIN/198224/2021,EN/T-II-1/042/2021,Gopiballavpur - II Sand Block MGB - 65 of Soumen Gope,SOUMEN GOPE,Delisted,EC
227,,SIA/WB/MIN/198237/2021,EN/T-II-1/044/2021,Gopiballavpur - II Sand Block MGB - 99 of Raju Mandal,RAJU MANDAL,Delisted,EC
228,,SIA/WB/MIN/198433/2021,EN/T-II-1/037/2021,Brick Earth Mine of Dhriti Prova Bricks,DHRITI PROVA BRICKS,Delisted,EC
229,,SIA/WB/MIN/198437/2021,,"B.N.T Brick Field, Baidya Nath Ta",RAY TECHNO SOLUTIONS,Delisted,EC
230,,SIA/WB/MIN/198451/2021,,"Hind Brick Field, Sk.Osman Ali",RAY TECHNO SOLUTIONS,Delisted,EC
231,,SIA/WB/MIN/198485/2021,EN/T-II-1/036/2021,Brick Earth Mine of Joti Bricks,JOTI BRICKS,Delisted,EC
232,,SIA/WB/MIN/198637/2021,EN/T-II-1/038/2021,Brick earth Mine of S.H.T.H. Brick Field,S.H.T.H. BRICK FIELD,Delisted,EC
233,,SIA/WB/MIN/198665/2021,,Hira Brick Field,JAGJIBAN AGGARWALA,Delisted,EC
234,,SIA/WB/MIN/198736/2021,EN/T-II-1/051/2021,"Tiura Silica Sand , Fire Clay & Morrum","TIURA SILICA SAND, FIRE CLAY & MORRAM",Delisted,EC
235,,SIA/WB/MIN/198831/2021,,MASTER BRICKS FIRM,MASTER BRICKS FIRM,Delisted,EC
236,,SIA/WB/MIN/198979/2021,EN/T-II-1/041/2021,Lohatikri Sand Block MSB-2 of Anindu Kumar De,ANINDU KUMAR DE,EDS Under SEIAA ,EC
237,,SIA/WB/MIN/199034/2021,EN/T-II-1/059/2021,UTTAR KRISHNAPUR SAND MINE OF SHRI DEBABRATA KAR,UTTAR KRISHNAPUR SAND MINE OF SHRI DEBABRATA KAR,Delisted,EC
238,,SIA/WB/MIN/199115/2021,,Nekramara Sand Block MHSHB – 9 of Kailash Construction (Proprietor - Kumarjit Giri),M/S KAILASH CONSTRUCTION,WithdrawEC,EC
239,,SIA/WB/MIN/199317/2021,EN/T-II-1/045/2021,GULANDHAR SAND MINE OF RAMDEBPUR SAND COMPANY,GULANDHAR SAND MINE OF RAMDEBPUR SAND COMPANY,Delisted,EC
240,,SIA/WB/MIN/199335/2021,EN/T-II-1/039/2021,Nekramara Sand Block MKSHB - 9 of Kailash Construction (Proprietor - Kumarjit Giri),M/S KAILASH CONSTRUCTION,Delisted,EC
241,,SIA/WB/MIN/200379/2021,,MASTER BRICKS FIRM,MASTER BRICKS FIRM,Delisted,EC
242,,SIA/WB/MIN/200414/2021,EN/T-II-1/102/2021,"AMRARGARH MORRUM DEPOSIT (AREA- 1.68 HECTARES)AT- AMRARGARH ON Plot No.-202 LOCATED AT MOUZA- AMRARGARH, P.S. - AUSGRAM, DISTRICT- PURBA BARDHAMAN, STATE- WEST BENGAL, JL NO. 57",M/S NATIONAL TRADERS.,Delisted,EC
243,,SIA/WB/MIN/200489/2021,,"Bangpur Sand Mining, Manirul Mondal",RAY TECHNO SOLUTIONS,Delisted,EC
244,,SIA/WB/MIN/200525/2021,,"Kumirkola Sand Mine, Ashim Pamja",RAY TECHNO SOLUTIONS,Delisted,EC
245,,SIA/WB/MIN/200563/2021,,SUN BRICKS,SUN BRICKS.,Delisted,EC
246,,SIA/WB/MIN/200659/2021,,Milon Brick Field,MILON BRICK FIELD,Delisted,EC
247,,SIA/WB/MIN/200808/2021,,SERA BRICKS,SERA BRICKS,Delisted,EC
248,,SIA/WB/MIN/201154/2021,EN/T-II-1/091/2021,Lohatikri Sand Block MSB-3 of M/s Ghosh Enterprise (Authorized Signatory - Tapas Ghosh).,M/S GHOSH ENTERPRISE,Delisted,EC
249,,SIA/WB/MIN/201797/2021,EN/T-II-1/074/2021,"Ajay River sand mining Project at Mouza - Kota, Block ID - 145",RAINBOW INFRASTRUCTURE & HOUSING DEVELOPMENT LTD,Delisted,EC
250,,SIA/WB/MIN/201804/2021,,Gopiballavpur - II Sand Block MGB - 12 of Kanchan Sahoo,KANCHAN SAHOO,Delisted,EC
251,,SIA/WB/MIN/202148/2021,EN/T-II-1/101/2021,"KISMATNARAJOL SAND MINE (AREA- 0.67 HECTARES) ON KANGSHABATI RIVER ON Plot No.-1238(P) LOCATED AT MOUZA- KISMATNARAJOL, P.S. - DASPUR, DISTRICT- PASCHIM MEDINIPUR, STATE- WEST BENGAL, JL NO. 16",SUPRIYA SINGH,Delisted,EC
252,,SIA/WB/MIN/202391/2021,EN/T-II-1/063/2021,TELENDA SAND MINE OF M/S MODERN INDUSTRIAL INFRASTRUCTURE PRIVATE LIMITED,TELENDA SAND MINE OF M/S MODERN INDUSTRIAL INFRASTRUCTURE PRIVATE LIMITED,Delisted,EC
253,,SIA/WB/MIN/202559/2021,EN/T-II-1/064/2021,DAMODAR MOHAN SAND MINE OF M/S R.N. INFRA BUILD PRIVATE LIMITED,DAMODAR MOHAN SAND MINE OF M/S R.N. INFRA BUILD PRIVATE LIMITED,Delisted,EC
254,,SIA/WB/MIN/202877/2021,,Mehmanpur Brick Earth Mine For M/s Rainbow Brick industries,M/S RAINBOW BRICK INDUSTRIES,Delisted,EC
255,,SIA/WB/MIN/202909/2021,,Kandaran Brick Soil Mining Project For M/s J.M.B. Brick Field,M/S J.M.B. BRICK FIELD,Delisted,EC
256,,SIA/WB/MIN/202972/2021,EN/T-II-1/073/2021,JOYHAT SAND MINE OF MR. ABAIDUR RAHAMAN,JOYHAT SAND MINE OF MR. ABAIDUR RAHAMAN,Delisted,EC
257,,SIA/WB/MIN/203318/2021,,Art Brick Field,JANARDAN AGGARWALA,Delisted,EC
258,,SIA/WB/MIN/205681/2021,EN/T-II-1/098/2021,Becharhat Sand Mine,PRASANTA KUMAR HAIT,Delisted,EC
259,,SIA/WB/MIN/206816/2021,,M/s Noor Brick Field,M/S NOOR BRICK FIELD,Delisted,EC
260,,SIA/WB/MIN/206931/2021,,M/s Isha Brick Field,M/S ISHA BRICK FIELD,WithdrawEC,EC
261,,SIA/WB/MIN/206941/2021,,M/s Isha Brick Field,M/S ISHA BRICK FIELD,Delisted,EC
262,,SIA/WB/MIN/207220/2021,,M/s Afsana Brick Co.,M/S AFSANA BRICK CO.,Delisted,EC
263,,SIA/WB/MIN/207636/2021,,M/s S.K.S Brick Field,M/S S.K.S BRICK FIELD,Delisted,EC
264,,SIA/WB/MIN/207867/2021,,Gopiballavpur - II Sand Block MGB - 96 of Premankur Maity,PREMANKUR MAITY,Delisted,EC
265,,SIA/WB/MIN/207869/2021,EN/T-II-1/089/2021,Brick Earth Mine of Prasad Brick Field of Bishnupriya Halder,BISHNUPRIYA HALDER,Delisted,EC
266,,SIA/WB/MIN/207945/2021,,CHORCHITA SAND MINE ON SUBARNAREKHA RIVER,ADYAMAA TRADELINK PVT. LTD.,Delisted,EC
267,,SIA/WB/MIN/207984/2021,EN/T-II-1/139/2021,M/s  MOON BRICKS,M/S  MOON BRICKS,Delisted,EC
268,,SIA/WB/MIN/208196/2021,EN/T-II-1/092/2021,Kotsimul Sand Mine,R.S. CONSTRUCTION,Delisted,EC
269,,SIA/WB/MIN/208203/2021,EN/T-II-1/095/2021,Narasinghapur Sand Mine,SRIJONEE ENGINEERS CO OPERATIVE SOCIETY LTD.,Delisted,EC
270,,SIA/WB/MIN/208449/2021,EN/T-II-1/093/2021,Chaitpur Sand Mine,BUDDHADEB ADHIKARI,Delisted,EC
271,,SIA/WB/MIN/208478/2021,,Name of the Project (s)	Harinathpur Sand Mine,PRASENJIT MAHATTOM,Delisted,EC
272,,SIA/WB/MIN/208522/2021,EN/T-II-1/106/2021,Selimabad Sand Mine,SK. ISALAM HOSSEN,Delisted,EC
273,,SIA/WB/MIN/208529/2021,,Mirchhoba Sand Mine,RAJA GHOSH,Delisted,EC
274,,SIA/WB/MIN/210340/2021,EN/T-II-1/108/2021,Palla sand mine,MAA DURGA COAL TRADERS,Delisted,EC
275,,SIA/WB/MIN/210444/2021,,Desher Mohan sand mine,KOILASH MAHATO,WithdrawEC,EC
276,,SIA/WB/MIN/210453/2021,EN/T-II-1/110/2021,Desher Mohan sand mine,DEBNATH ENTERPRISE,Delisted,EC
277,,SIA/WB/MIN/210542/2021,,Sitaram Brick Field,SITARAM BRICK FIELD,Delisted,EC
278,,SIA/WB/MIN/210731/2021,EN/T-II-1/107/2021,Mathuratapal sand mine,SK. ISALAM HOSSEN,Delisted,EC
279,,SIA/WB/MIN/210732/2021,EN/T-II-1/105/2021,Jujuti Sand Mine,RAJA GHOSH,Delisted,EC
280,,SIA/WB/MIN/210858/2021,,Desher Mohan Sand Mine,KOILASH MAHATO,Delisted,EC
281,,SIA/WB/MIN/210862/2021,EN/T-II-1/109/2021,Khudrapur Sand Mine,M/S MONDAL TRADERS,Delisted,EC
282,,SIA/WB/MIN/210865/2021,EN/T-II-1/104/2021,"MANIDAHA SAND MINE (AREA- 3.50 HECTARES) ON KANGSHABATI RIVER ON Plot No.-817(P) & 1289(P) LOCATED AT MOUZA- MANIDAHA, P.S. - MIDNAPORE, DISTRICT- PASCHIM MEDINIPUR, STATE- WEST BENGAL, JL NO. 110",ANIRUDDHA SHASMAL,Delisted,EC
283,,SIA/WB/MIN/211010/2021,,Becharhat Sand Mine,MATIAR RAHAMAN,Delisted,EC
284,,SIA/WB/MIN/214289/2021,,"MOKARIMPUR SAND MINE (AREA-0.40 HECTARES) ON KANGSHABATI RIVER ON Plot No.-816 (P). LOCATED AT MOUZA- MOKARIMPUR, P.S. - DEBRA, DISTRICT- PASCHIM MEDINIPUR, STATE- WEST BENGAL, JL NO. -28",SOMEN KUMAR BOSE,Delisted,EC
285,,SIA/WB/MIN/215489/2021,EN/T-II-1/124/2021,MD BAZAR STONE CRUSHER MINES,M/S. MD BAZAR STONE CRUSHER MINE,Delisted,EC
286,,SIA/WB/MIN/215775/2021,EN/T-II-1/121/2021,"RASUNPUR SAND MINE (AREA-3.65 HECTARES) ON AJAY RIVER ON Plot No.-1673 (P). LOCATED AT MOUZA- RASUNPUR, P.S. - BARABANI, DISTRICT- PASCHIM BARDHAMAN, STATE- WEST BENGAL, JL NO. -16",MR. AJAY TIWARI,Delisted,EC
287,,SIA/WB/MIN/215781/2021,EN/T-II-1/123/2021,GURGURAPAL SAND MINE (AREA- 3.00 HECTARES) ON KANGSHABATI RIVER ON Plot No.-485(P),NEXZEN PROJECTS N DEVELOPMENT PVT. LTD.,Delisted,EC
288,,SIA/WB/MIN/215989/2021,EN/T-II-1/120/2021,"PUTULIA SAND MINE (AREA-3.80 HECTARES) ON AJAY RIVER ON Plot No.-1108 (P). LOCATED AT MOUZA- PUTULIA, P.S. - BARABANI, DISTRICT- PASCHIM BARDHAMAN, STATE- WEST BENGAL, JL NO. -13",M/S MAIHAR DEVELOPERS.,Delisted,EC
289,,SIA/WB/MIN/216035/2021,EN/T-II-1/118/2021,"PUTULIA SAND MINE (AREA-3.82 HECTARES) ON AJAY RIVER ON Plot No.-1108 (P).LOCATED AT MOUZA- PUTULIA, P.S. - BARABANI, DISTRICT- PASCHIM BARDHAMAN, STATE- WEST BENGAL, JL NO. -13",M/S SARAN ALCOHOL PVT. LTD.,Delisted,EC
290,,SIA/WB/MIN/216082/2021,EN/T-II-1/115/2021,"RASUNPUR SAND MINE (AREA-1.80 HECTARES) ON AJAY RIVER ON Plot No.-1673 (P).LOCATED AT MOUZA- RASUNPUR, P.S. - BARABANI, DISTRICT- PASCHIM BARDHAMAN, STATE- WEST BENGAL, JL NO. -16",M/S LIBRA RETAILER PVT. LTD.,Delisted,EC
291,,SIA/WB/MIN/216209/2021,EN/T-II-1/116/2021,"RERAPAL SAND MINE (AREA- 4.33 HECTARES) ON KANGSHABATI RIVER ON Plot No.-552(P) & 700(P).LOCATED AT MOUZA- RERAPAL, P.S. - MEDINIPUR, DISTRICT-PASCHIM MEDINIPUR, STATE- WEST BENGAL, JL NO. -132",MA KALI ENTERPRISE,Delisted,EC
292,,SIA/WB/MIN/216235/2021,EN/T-II-1/122/2021,"NEKRAMARA SAND MINE (AREA- 4.96 HECTARES) ON SUBARNAREKHA RIVER ON Plot No.-230(P), 232(P), 229(P), 228(P), 164(P), 165, 166, 163(P), 168(P), 169(P), 171(P), 172(P), 174(P), 173(P), 186(P), 185(P), 187(P) & 167(P).LOCATED AT MOUZA- NEKRAMARA, P.S. - ",DEAL CONSTRUCTION,Delisted,EC
293,,SIA/WB/MIN/216239/2021,EN/T-II-1/114/2021,"KOGRAM SAND MINE (AREA- 3.40 HECTARES) ON AJAY RIVER ON Plot No.-284(P), 285(P)& ORS",ASHOK KR. SAHA,Delisted,EC
294,,SIA/WB/MIN/216294/2021,EN/T-II-1/119/2021,"SAGIRA SAND MINE (AREA- 1.19 HECTARES) ON AJAY RIVER ON Plot No.- 841(P), 842(P), 857(P).LOCATED AT MOUZA- SAGIRA, P.S. - MONGALKOTE, DISTRICT- PURBA BARDHAMAN, STATE- WEST BENGAL, JL NO. -56",ASHOK KR. SAHA,Delisted,EC
295,,SIA/WB/MIN/216548/2021,,Kansra sand mine,SOUMITRA ADHIKARI,Delisted,EC
296,,SIA/WB/MIN/217293/2021,,M/s Ratan Brick Field,M/S RATAN BRICK FIELD,WithdrawEC,EC
297,,SIA/WB/MIN/218051/2021,,M/s MRB Brick Field,M/S MRB BRICK FIELD,Delisted,EC
298,,SIA/WB/MIN/218234/2021,,M/s Ratan Brick Field,M/S RATAN BRICK FIELD,Delisted,EC
299,,SIA/WB/MIN/218850/2021,,M/s Reza Brick Field,M/S REZA BRICK FIELD,Delisted,EC
300,,SIA/WB/MIN/219686/2021,,Amilasai River Bed Sand Mine,PRASANTA MONDAL - MSHB 12,Delisted,EC
301,,SIA/WB/MIN/220482/2021,,"Hard Brick Field, Joydeb Mondal",RAY TECHNO SOLUTIONS,Delisted,EC
302,,SIA/WB/MIN/220763/2021,EN/T-II-1/415/2023,KENDAJORE,KENDAJORE QUARTZ MINE(2.49 ACRE),Delisted,EC
303,,SIA/WB/MIN/221424/2021,,M/s Greego Drive Pvt. Ltd,KIRTONSOLE SAND MINE,Delisted,EC
304,,SIA/WB/MIN/224582/2021,,BALIA BRICK SOIL MINING PROJECT FOR NEW PRASAD BRICK FIELD,NEW PRASAD BRICK FIELD,Delisted,EC
305,,SIA/WB/MIN/224915/2021,,KANKAT BRICK SOIL MINING PROJECT FOR M/S P.M.R. BRICK FIELD,M/S P.M.R. BRICK FIELD,Delisted,EC
306,,SIA/WB/MIN/225503/2021,,"MAHESHPUR SAND MINE (AREA- 0.48 HECTARES) ON KANGSHABATI RIVER ON Plot No.-318(P), LOCATED AT MOUZA-MAHESHPUR, P.S. - DASPUR, DISTRICT- PASCHIM MEDINIPUR, STATE- WEST BENGAL, JL NO. 100",ANUBHA PORIA,Delisted,EC
307,,SIA/WB/MIN/226705/2021,,BRICK EARTH MINE OF M/S 5 STAR BRICKS,M/S 5 STAR BRICKS,Delisted,EC
308,,SIA/WB/MIN/226758/2021,,Brick Earth Mine of M/S Tisco Bricks,M/S TISCO BRICKS,Delisted,EC
309,,SIA/WB/MIN/227299/2021,,“River Bed Sand Mining Project”,M/S UTPAL PAUL,Delisted,EC
310,,SIA/WB/MIN/227326/2021,,"Purakonda Sand Mine (Area-4.75 Ha) On Damodar River on Plot No.-445(P). Located at Mouza – Purakonda, P.S.- Barjora, District- Bankura, West Bengal, Over Plot No. 445 (P), J.L. No.- 55.",M/S SHOMUK ENGINEERING & CONSULTANCY SERVICES,Delisted,EC
311,,SIA/WB/MIN/228375/2021,,"Mokarimpur Sand Mine on Kangshabati River Located at Mouza- Mokarimpur, P.S. - Debra, District- Paschim Medinipur, State- West Bengal,JL NO. 28, Plot No. 816(P) (AREA- 0.30 Ha)",KINKAR MAITY,Delisted,EC
312,,SIA/WB/MIN/228553/2021,,"UPARDANGA SAND MINE (AREA- 3.40 HECTARES) ON KANGSHABATI RIVER ON Plot No.-706(P)LOCATED AT MOUZA- UPARDANGA, P.S. - MEDINIPUR, DISTRICT- PASCHIM MEDINIPUR, STATE- WEST BENGAL,JL NO. 83",KISHORE SING,Delisted,EC
313,,SIA/WB/MIN/228718/2021,,"Nischintapur sand mine on Kangshabati river  at plot no: 1(P), 2(P), 3(P), 19(P) & 20(P), area of 3.60 Hectare/8.89 Acres J.L. No.-48, Mouza: Nischintapur, P.S. Medinipur, District: Paschim Medinipur, State: West Bengal.",MR. SWAPAN DAS BHOWMIK,Delisted,EC
314,,SIA/WB/MIN/229166/2021,,"Dadpur Sand Mine, Kamal Kumar Ghosh",RAY TECHNO SOLUTIONS,Delisted,EC
315,,SIA/WB/MIN/229186/2021,,DIAGRAM BRICK SOIL MINING PROJECT FOR M/S JODUPUR BRICKS FIELD,M/S JODUPUR BRICKS FIELD,Delisted,EC
316,,SIA/WB/MIN/229930/2021,,Jamsole Sand Block MSB - 62,TANUSHREE GHOSH,Delisted,EC
317,,SIA/WB/MIN/229933/2021,,Riverbed sand Mining on Leesh River,NEETU  LAMA,Delisted,EC
318,,SIA/WB/MIN/229938/2021,,Simlex Brick Field,NISHAD AMED,Delisted,EC
319,,SIA/WB/MIN/229943/2021,,BRICK EARTH MINE IN MOUZA – SRIPUR,SUPER BRICK FIELD,Delisted,EC
320,,SIA/WB/MIN/230109/2021,,"Jamalpur Sand Mine, Manas Kumar Dhara","MANAS KUMAR DHARA, JAMALPUR SAND MINE",Delisted,EC
321,,SIA/WB/MIN/230296/2021,,Kanua Brick Earth Mine For M/s Baba Brick Field,M/S BABA BRICK FIELD,Delisted,EC
322,,SIA/WB/MIN/230461/2021,,"Gahulapara Brick Earth Mine For M/s K.M.B. Brick Field, Area 3.37 Acres",M/S K.M.B. BRICK FIELD,Delisted,EC
323,,SIA/WB/MIN/230563/2021,,"Palla Sand Mine, Damodar River","PALLA SAND MINE, SANTILATA ROY",Delisted,EC
324,,SIA/WB/MIN/230592/2021,,"Haibatpur Sand Mining, Santilata Roy","HAIBATPUR SAND MINE, SANTILATA ROY",Delisted,EC
325,,SIA/WB/MIN/231229/2021,,Kotsimul Sand Mine,"KOTSIMUL SAND MINE, MAA TARA BUILDERS",Delisted,EC
326,,SIA/WB/MIN/231396/2021,,Gopiballavpur - II Sand Block MGB - 92 of Tanay Maity,TANAY MAITY,Delisted,EC
327,,SIA/WB/MIN/231405/2021,,Gopiballavpur - II Sand Block MGB - 91 of Tanay Maity,TANAY MAITY,Delisted,EC
328,,SIA/WB/MIN/231426/2021,,"Kumirkola Sand Mine, Ashim Panja","KUMIRKOLA SAND MINE, ASHIM PANJA",Delisted,EC
329,,SIA/WB/MIN/231534/2021,,Brick Earth Mine of M/S TPS BRICK INDUSTRIES (UNIT-1),TPS BRICK INDUSTRIES,Delisted,EC
330,,SIA/WB/MIN/231776/2021,,"Idilpur Sand Mine, Nmaita Enterprise","NAMITA ENTERPRISE, IDILPUR",Delisted,EC
331,,SIA/WB/MIN/231816/2021,,"Kotsimul Sand Mine, Dibyendu Dey","KOTSIMUL SAND MINE, DIBYENDU DEY",Delisted,EC
332,,SIA/WB/MIN/231837/2021,,"Kherua Sand Mine, Binoy Dhara","KHERUA SAND MINE, BINOY DHARA",Delisted,EC
333,,SIA/WB/MIN/231903/2021,,"Dadpur Sand Mine, Kamal Kumar Ghosh",DADPUR SAND MINE,Delisted,EC
334,,SIA/WB/MIN/232070/2021,,"Lodha Sand Mine on Silabati River at plot no: 389(P), J.L. No.-886, Area-0.63 Hectare/1.56 Acres , Mouza: Lodha, P.S. Garhbeta, District: Paschim Medinipur, State: West Bengal.",BABLU SARKAR_LODHA,Delisted,EC
335,,SIA/WB/MIN/232206/2021,,"Krishnaganj Brick Earth Mine, For M/s K.D.P. Bricks Field, Area 2.37 Acres",M/S K.D.P. BRICK FIELD,Delisted,EC
336,,SIA/WB/MIN/232210/2021,,"KHAIHATTA BRICK SOIL MINE, FOR M/S AGARWALA BRICK MANUFACTURER, AREA 2.80 ACRES",M/S AGARWALA BRICK MANUFACTURER,Delisted,EC
337,,SIA/WB/MIN/232241/2021,,"Ghanesharpur sand mine on Kangshabati river at plot no: Plot No: 84 (P), 85(P) & 86(P) / JL No.: 109, Area- 0.44 Hectare/1.09 Acres Mouza: Ghanesharpur, P.S. Sadar, District: Paschim Medinipur, State: West Bengal.",KARTICK JANA,Delisted,EC
338,,SIA/WB/MIN/232474/2021,,"Bangpur Sand Mine, Dinanath Chawdhery","BANGPUR SAND MINE, DINANATH CHAWDHERY",Delisted,EC
339,,SIA/WB/MIN/232483/2021,,"Bangpur Sand Mine, Manirul Mondal","BANGPUR SAND MINE, MANIRUL MONDAL",Delisted,EC
340,,SIA/WB/MIN/232509/2021,,"Kansra Sand Mine, Basudev Majhi","KANSRA SAND MINE, BASUDEV MAJHI",Delisted,EC
341,,SIA/WB/MIN/232731/2021,,"Kushmai Brick Earth Mine For M/s K.M.B. Brick Field, Area 2.97 Acres",M/S K.M.B. BRICK FIELD,Delisted,EC
342,,SIA/WB/MIN/232782/2021,,"OWARI BRICK EARTH MINE FOR M/S SONA BRICK FIELD, AREA 3.03 ACRES",M/S SONA BRICK FIELD,Delisted,EC
343,,SIA/WB/MIN/232930/2021,,Gopiballavpur - II Sand Block MGB - 1 of Mithu Saha.,MITHU SAHA,Delisted,EC
344,,SIA/WB/MIN/233387/2021,,Uttam Paul River Bed Mining,UTTAM PAUL,Delisted,EC
345,,SIA/WB/MIN/234270/2021,,Chel River Bed Sand Mining,CHEL RIVER BED MINING,Delisted,EC
346,,SIA/WB/MIN/235710/2021,,Idilpur Sand Mine,"NAMITA ENTERPRISE, IDILPUR",Delisted,EC
347,,SIA/WB/MIN/236371/2021,,Char Molladanga Sand Block BHAG 1 (ID No. 2018-WB-865) of Rakibul Hoque,RAKIBUL HOQUE,Delisted,EC
348,,SIA/WB/MIN/237082/2021,,"Atanga sand mine on Subarnarekha river at Mouza – Atanga, P.S.- Keshiary, District-Paschim Medinipur, West Bengal, over Plot No. 213 (P) / JL No.: 140. Area-5.33 Acres/2.16 Ha.",MR. SEK BARIK,Delisted,EC
349,,SIA/WB/MIN/238304/2021,,"Kalinagar Sand Mine, Himanshu Santra","HIMANSHU SANTRA, KALINAGAR SAND MINE",Delisted,EC
350,,SIA/WB/MIN/238308/2021,,"Tildanga Sand Mine, Kartick Chandra Ghosh","TILDANGA SAND MINE, KARTICK CHANDRA GHOSH",Delisted,EC
351,,SIA/WB/MIN/238311/2021,,"Gopalpur Sand Mining, Ashim Panja","KUMIRKOLA SAND MINE, ASHIM PANJA",Delisted,EC
352,,SIA/WB/MIN/238751/2021,,Crusher Unit of Rudra Crusher,M/S RUDRA CRUSHER UNIT,Delisted,EC
353,,SIA/WB/MIN/239050/2021,,M/s Mondal Bricks,M/S MONDAL BRICKS,Delisted,EC
354,,SIA/WB/MIN/239082/2021,,BANKURA SAND MINE ON KANGSHABATI RIVER,SHANKAR PRASAD GHOSH,Delisted,EC
355,,SIA/WB/MIN/239353/2021,,Bishwanathpur-Patna sand mine on Kangshabati River,RAMPADA RUDRA,Delisted,EC
356,,SIA/WB/MIN/239542/2021,,Gumriyapal Sand Mine on Kangshabati River,MR. ANINDU KUMAR DE,Delisted,EC
357,,SIA/WB/MIN/240035/2021,,Gopiballavpur - II Sand Block MGB – 95 of Tanay Maity,TANAY MAITY,Delisted,EC
358,,SIA/WB/MIN/241099/2021,,Bhikanpur Sand mine on Kangshabati river,PRANAB BHAKTA,Delisted,EC
359,,SIA/WB/MIN/241123/2021,,Chakmansur sand mine on Kangshabati river,MR. SITESH DHARA,Delisted,EC
360,,SIA/WB/MIN/242191/2021,,Raju Bricks of Himangshu Mondal,HIMANGSHU MONDAL,Delisted,EC
361,,SIA/WB/MIN/243243/2021,,Shirsa sand mine on Silabati river,MIJANUDDIN KHAN,Delisted,EC
362,,SIA/WB/MIN/246526/2021,,Premlata Stone Work,PREMLATA STONE WORKS,Delisted,EC
363,,SIA/WB/MIN/246527/2021,,STONE CRUSHER UNIT OF M/S SINGH CRUSHER UNIT,STONE CRUSHER UNIT OF M/S SINGH CRUSHER UNIT,Delisted,EC
364,,SIA/WB/MIN/246535/2021,,STONE CRUSHING UNIT OF M/S SREE RAGHUNATH STONE CRUSHING UNIT,STONE CRUSHING UNIT OF M/S SREE RAGHUNATH STONE CRUSHING UNIT,Delisted,EC
365,,SIA/WB/MIN/246539/2021,,STONE CRUSHER UNIT OF M/S MAA TARA TRADERS,STONE CRUSHER UNIT OF M/S MAA TARA TRADERS,Delisted,EC
366,,SIA/WB/MIN/246677/2021,,Panchmukhi Stone Crusher,PANCHMUKHI STONE CRUSHER,Delisted,EC
367,,SIA/WB/MIN/246682/2021,,"Harishpara Brick Earth Mine For M/s M.R.F. Brick Field, Area 3.23 Acres",USHA AGARWAL,Delisted,EC
368,,SIA/WB/MIN/246735/2021,,STONE CRUSHING UNIT OF M/S Mahanty Stone Crushing Unit and Arabinda Mahanty,STONE CRUSHING UNIT OF M/S MAHANTY STONE CRUSHING UNIT AND ARABINDA MAHANTY,Delisted,EC
369,,SIA/WB/MIN/246758/2021,,Stone Crusher of Maa Annapurna Stone Crusher Unit,STONE CRUSHER OF MAA ANNAPURNA STONE CRUSHER UNIT,Delisted,EC
370,,SIA/WB/MIN/246974/2021,,Stone Crusher of M/s Fatepur Stone Crusher,M/S FATEPUR STONE CRUSHER,Delisted,EC
371,,SIA/WB/MIN/246985/2021,,Stone Crusher Unit of Mehta Stone Crusher,STONE CRUSHER UNIT OF MEHTA STONE CRUSHER,Delisted,EC
372,,SIA/WB/MIN/247023/2021,,STONE CRUSHER UNIT OF M/S MAHANTY STONE CRUSHING UNIT,STONE CRUSHER UNIT OF M/S MAHANTY STONE CRUSHING UNIT,WithdrawEC,EC
373,,SIA/WB/MIN/247169/2021,,Stone Crushing Unit of M/s Ashwini Gorai Crusher,M/S ASHWINI GORAI CRUSHER,Delisted,EC
374,,SIA/WB/MIN/247197/2021,,Stone Crusher Unit of M/s Shibsakti Stone Crusher Unit,M/S SHIBSAKTI STONE CRUSHER,Delisted,EC
375,,SIA/WB/MIN/247204/2021,,STONE CRUSHER UNIT OF M/S K. K. BUILDERS PVT. LTD.,STONE CRUSHER UNIT OF M/S K. K. BUILDERS PVT. LTD.,Delisted,EC
376,,SIA/WB/MIN/248103/2021,,R.R. STONE CRUSHER,R.R.STONE CRUSHER,Delisted,EC
377,,SIA/WB/MIN/248785/2021,,Stone Crusher of M/s Fatepur Stone Crusher,M/S FATEPUR STONE CRUSHER,Delisted,EC
378,,SIA/WB/MIN/248843/2021,,Stone Crusher of Maa Annapurna Stone Crusher,MAA ANNAPURNA STONE CRUSHER,Delisted,EC
379,,SIA/WB/MIN/248856/2021,,Stone Crusher of K. K. Builders Pvt. Ltd.,K. K. BUILDERS PVT. LTD.,Delisted,EC
380,,SIA/WB/MIN/249063/2021,,Stone Crusher of PREMLATA STONE WORKS,PREMLATA STONE WORKS,WithdrawEC,EC
381,,SIA/WB/MIN/249106/2021,,Stone Crusher of M/S MAHANTY STONE CRUSHING UNIT AND ARABINDA MAHANTY,M/S MAHANTY STONE CRUSHING UNIT AND ARABINDA MAHANTY,Delisted,EC
382,,SIA/WB/MIN/249150/2021,,Stone Crusher of M/S Rudra Crusher Unit,M/S RUDRA CRUSHER UNIT,Delisted,EC
383,,SIA/WB/MIN/249180/2021,,STONE CRUSHER OF M/S SREE RAGHUNATH STONE CRUSHER UNIT,M/S SREE RAGHUNATH STONE CRUSHER UNIT,Delisted,EC
384,,SIA/WB/MIN/249221/2021,,Stone Crusher of PREMLATA STONE WORKS,PREMLATA STONE WORKS,Delisted,EC
385,,SIA/WB/MIN/249752/2022,,Stone Crusher Of Chandrika Minerals Stone Crusher,CHANDRIKA MINERALS STONE CRUSHER,Delisted,EC
386,,SIA/WB/MIN/249790/2022,,Stone Crusher of M/S Patil Rail Infrastructure Pvt Ltd,M/S PATIL RAIL INFRASTRUCTURE PVT LTD,Delisted,EC
387,,SIA/WB/MIN/251447/2022,,M/s Aryan Stone Quarry,ARYAN STONE QUARRY,WithdrawEC,EC
388,,SIA/WB/MIN/252892/2022,,"Kashimpur Brick Soil Mining Project, For M/s Kaka Brick Field & Co",OBAIDUR RAHAMAN,Delisted,EC
389,,SIA/WB/MIN/254367/2022,,"Dhulkomra Feldspar & Quartz Mine (O.C.) is located in Mouza- Dhulkomra, P.S.- Kankartala, Khairasole District- Birbhum, State- West Bengal",JAYANTA BHATTACHARYYA,Delisted,EC
390,,SIA/WB/MIN/254529/2022,,Nekmara Sand Mine, BLUEBERRY NIRMAN PRIVATE LIMITED,Delisted,EC
391,,SIA/WB/MIN/256733/2022,,JIYATHOL QUARTZ & FELDSPAR MINE,SANJAY MONDAL,Delisted,EC
392,,SIA/WB/MIN/258165/2022,,Lachhipur Quartz and Quartzite Mine,BISWARUP DUTTA,Delisted,EC
393,,SIA/WB/MIN/259430/2022,,Mokarimpur sand mine on Kangshabati river,KINKAR MAITY,Pending at PP due to eds,EC
394,,SIA/WB/MIN/259432/2022,EN/T-II-1/301/2023,Chakmansur sand mine on Kangshabati river,MR. SITESH DHARA,Rejection Letter Granted,EC
395,,SIA/WB/MIN/259512/2022,EN/T-II-1/076/2022,Shirsa sand mine on Silabati river,MIJANUDDIN KHAN,Delisted,EC
396,,SIA/WB/MIN/259966/2022,EN/T-II-1/021/2023,Bhattagram sand mine on Silabati River,MR. BABLU SARKAR,Rejection Letter Granted,EC
397,,SIA/WB/MIN/260047/2022,EN/T-II-1/081/2022,"Bhalukmura [Plot No. 16(P), 63(P) & 77(P); J.L. No.- 795] sand deposit on Silabati River",PRASANTA KARAK,Rejection Letter Granted,EC
398,,SIA/WB/MIN/260049/2022,,Moldanga [Plot No. 473(P); J.L. No.- 575] sand deposit on Silabati River.,PRASANTA KARAK,Pending at PP due to eds,EC
399,,SIA/WB/MIN/260162/2022,,Haldi River Bed Sand Mining,EXCEL MOVERS,Delisted,EC
400,,SIA/WB/MIN/260697/2022,EN/T-II-1/028/2023,Chhotapasha [Plot No. 266(P); J.L. No.- 535] sand deposit on Kangshabati River,SHEIKH MURSED ALI,EC Granted,EC
401,,SIA/WB/MIN/260727/2022,EN/T-II-1/020/2023,Baranda [Plot No. 1(P); J.L. No.- 572] sand deposit on Silabati River,ATAUR RAHAMAN MONDAL,Rejection Letter Granted,EC
402,,SIA/WB/MIN/260787/2022,EN/T-II-1/080/2022,"Malbagicha [Plot No. 48(P), 56, 57(P), 58(P), 59, 60, 61(P), & 62(P), J.L. No.- 411] sand deposit on Silabati River",ATAUR RAHAMAN MONDAL,Rejection Letter Granted,EC
403,,SIA/WB/MIN/261116/2022,,Chabukya Sand Mine,SUBRANAREKHA RIVER BED MINING BY SUSHANTA MONDAL,WithdrawEC,EC
404,,SIA/WB/MIN/261163/2022,,Naldumra [Plot No. 46(P); J.L. No.- 82] sand deposit on Kangshabati River,SHEIKH FIROZUDDIN,Pending at PP due to eds,EC
405,,SIA/WB/MIN/261200/2022,EN/T-II-1/133/2023,"Raghunathpur [Plot No. 1041(P), 1003(P) & 1002(P); J.L. No.- 271] sand deposit on Kangshabati River",SK. REJABUL,Rejection Letter Granted,EC
406,,SIA/WB/MIN/261297/2022,EN/T-II-1/132/2023,Chakdaulat [Plot No. 324(P); J.L. No.- 285] sand deposit on Kangshabati River,IYAMIN MONDAL,Rejection Letter Granted,EC
407,,SIA/WB/MIN/261410/2022,,Baisakhipal Sand Mine,MANDIRA DASADHIKARI CHANDA - MSHB 1,Delisted,EC
408,,SIA/WB/MIN/261445/2022,,BRICK EARTH MINE OF RAJA BRICKS,ARDHENDU MANDAL,Delisted,EC
409,,SIA/WB/MIN/261564/2022,,Rerapal Sand Mine,RERAPAL SAND MINE,Delisted,EC
410,,SIA/WB/MIN/261573/2022,,Bangpur Sand Mine,SANJAY BHAKTA,Delisted,EC
411,,SIA/WB/MIN/261595/2022,EN/T-II-1/075/2022,Dadpur Sand Mine Kamal Kumar Ghosh,DADPUR SAND MINE,Rejection Letter Granted,EC
412,,SIA/WB/MIN/261603/2022,EN/T-II-1/560/2023,Bhatpara[Plot No. 172(P) & 194(P); J.L. No.- 84] sand deposit on Kangshabati River,SUBHRANGSU KUMAR GHOSH,ADS by SEAC,EC
413,,SIA/WB/MIN/261651/2022,EN/T-II-1/131/2023,Malyan[Plot No. 68(P) & 69(P); J.L. No.- 625] sand deposit on Kangshabati River,SITESH DHARA,Rejection Letter Granted,EC
414,,SIA/WB/MIN/261709/2022,EN/T-II-1/070/2023,Poshtanka [Plot No. 1 (P); J.L. No.- 121] sand deposit on Kangshabati River,JOY GURU CONSTRUCTION,Rejection Letter Granted,EC
415,,SIA/WB/MIN/261717/2022,,"Mokarimpur [Plot No. 816(P), J.L. No.- 28] sand deposit on Kangshabati River.",SOMEN KUMAR BOSE,Pending at PP due to eds,EC
416,,SIA/WB/MIN/261813/2022,EN/T-II-1/162/2023,Maheshpur [Plot No. 318 (P); J.L. No.- 100] sand deposit on Kangshabati River,ANUBHA PORIA,Rejection Letter Granted,EC
417,,SIA/WB/MIN/262037/2022,EN/T-II-1/017/2023,Kansra Sand Mine  Basudev Majhi,"KANSRA SAND MINE, BASUDEV MAJHI",Rejection Letter Granted,EC
418,,SIA/WB/MIN/262049/2022,,Upardanga [Plot No. 706(P); J.L. No.- 83 sand deposit on Kangshabati River,KISHORE SING,Delisted,EC
419,,SIA/WB/MIN/262075/2022,EN/T-II-1/059/2023,Kumirkola Sand Mine Ashim Panja,"KUMIRKOLA SAND MINE, ASHIM PANJA",Delisted,EC
420,,SIA/WB/MIN/262092/2022,,Kismatnarajol [Plot No. 1238(P); J.L. No.- 16] sand deposit on Kangshabati River,SUPRIYA SINGH,Pending at PP due to eds,EC
421,,SIA/WB/MIN/262127/2022,EN/T-II-1/023/2023,Idilpur Sand Mine On Damodar River   Kanai Chandra Das,"NAMITA ENTERPRISE, IDILPUR",Rejection Letter Granted,EC
422,,SIA/WB/MIN/262143/2022,,Bhimbar [Plot No. 392(P) & 393(P); J.L. No.- 531] sand deposit on Kangshabati River,SWAPAN DAS BHOWMIK,Pending at PP due to eds,EC
423,,SIA/WB/MIN/262263/2022,EN/T-II-1/361/2023,Garhbeta Sand Block MGARB-29 of Prabhas Ghosh,PRABHAS GHOSH,Rejection Letter Granted,EC
424,,SIA/WB/MIN/262416/2022,EN/T-II-1/348/2023,Mankyapal Sand Block M.BIN.B-34 of Bidhan Patra.,BIDHAN PATRA,Request for withdraw,EC
425,,SIA/WB/MIN/262444/2022,EN/T-II-1/104/2023,Gopiballavpur - II Sand Block MGB - 65 of Soumen Gope,SOUMEN GOPE,Rejection Letter Granted,EC
426,,SIA/WB/MIN/262459/2022,,Subarnarekha River Bed Mine MSHB 8,SUBARNAREKHA RIVER BED SAND MINING,Delisted,EC
427,,SIA/WB/MIN/262503/2022,EN/T-II-1/031/2023,Bangpur Sand Mine Damodar River Dinanath Chowdhury,"BANGPUR SAND MINE, DINANATH CHAWDHERY",Rejection Letter Granted,EC
428,,SIA/WB/MIN/262516/2022,EN/T-II-1/130/2023,Dangariai Sand Mine Block MGB 162,SRIKANTA MONDAL - MGB 162,Rejection Letter Granted,EC
429,,SIA/WB/MIN/262524/2022,EN/T-II-1/035/2023,Bangpur Sand Mine Manirul Mondal,"BANGPUR SAND MINE, MANIRUL MONDAL",Rejection Letter Granted,EC
430,,SIA/WB/MIN/262547/2022,EN/T-II-1/034/2023,Tildanga Sand Mine Kartick Chandra Ghosh,"TILDANGA SAND MINE, KARTICK CHANDRA GHOSH",ADS by SEAC,EC
431,,SIA/WB/MIN/262580/2022,,Gopalpur Sand Mining Ashim Panja,"KUMIRKOLA SAND MINE, ASHIM PANJA",Pending at PP due to eds,EC
432,,SIA/WB/MIN/262598/2022,EN/T-II-1/033/2023,Gerai Sand Mine on Kunur River,SOMRITH ENTERPRISE,Rejection Letter Granted,EC
433,,SIA/WB/MIN/262652/2022,,Naihat Sand Mine,SRIKANTA MONDAL - MSHB 9,Delisted,EC
434,,SIA/WB/MIN/262716/2022,,Bataliguri Sand Mine Project,RINA DUTTA,WithdrawEC,EC
435,,SIA/WB/MIN/262919/2022,,Mining of River Bed Sand of Fazaruddin Mondal,FAZARUDDIN MONDAL,Delisted,EC
436,,SIA/WB/MIN/262924/2022,EN/T-II-1/029/2023,Krishnadebpur sand mine on Bhagirathi river,MR. BASIRUDDIN SEIKH,Rejection Letter Granted,EC
437,,SIA/WB/MIN/263038/2022,EN/T-II-1/117/2023,UTTAR KRISHNAPUR SAND MINE PLAN,UTTAR KRISHNAPUR SAND MINE OF SHRI DEBABRATA KAR,Rejection Letter Granted,EC
438,,SIA/WB/MIN/263067/2022,EN/T-II-1/066/2023,"River Bed Sand Mining Project on Kangsbati River at Mouza-Jambaid & Gagda, J.L. No.-35 & 43. Plot No. 7074(P) & 616(P), P.S-Puncha, District-Purulia, West Bengal",SABIR ANSARI,EC Granted,EC
439,,SIA/WB/MIN/263069/2022,EN/T-II-1/058/2023,Kotsimul Sand Mine on Mundeswari River Dibyendu Dey,"KOTSIMUL SAND MINE, DIBYENDU DEY",Rejection Letter Granted,EC
440,,SIA/WB/MIN/263162/2022,EN/T-II-1/067/2023,River Bed Sand from the Kumari River,M/S SRI UTTAM KUMAR MAHATO,Rejection Letter Granted,EC
441,,SIA/WB/MIN/263184/2022,,Sand and Stone Mine of NITU DUBEY,NITU DUBEY,Request for withdraw,EC
442,,SIA/WB/MIN/263222/2022,EN/T-II-1/116/2023,Gopiballavpur - II Sand Block MGB - 74 of Suvendu Debnath.,SUVENDU DEBNATH,Rejection Letter Granted,EC
443,,SIA/WB/MIN/263457/2022,EN/T-II-1/417/2023,PALA SAND MINE,PRANAI RAI,Delisted,EC
444,,SIA/WB/MIN/263462/2022,EN/T-II-1/056/2023,Kotsimul Sand  Mine Maa Tara Builders,"KOTSIMUL SAND MINE, MAA TARA BUILDERS",Rejection Letter Granted,EC
445,,SIA/WB/MIN/263474/2022,,Haibatpur Sand Mining Santilata Roy,"HAIBATPUR SAND MINE, SANTILATA ROY",Pending at PP due to eds,EC
446,,SIA/WB/MIN/263487/2022,,HIJAL SAND MINE,DULAL BISWAS,Pending at PP due to eds,EC
447,,SIA/WB/MIN/263500/2022,,HIJAL SAND MINE,DULAL BISWAS,Pending at PP due to eds,EC
448,,SIA/WB/MIN/263520/2022,,HIJAL SAND MINE,ASHOK JHA,Pending at PP due to eds,EC
449,,SIA/WB/MIN/263527/2022,EN/T-II-1/113/2023,GULANDHAR SAND MINE,GULANDHAR SAND MINE OF RAMDEBPUR SAND COMPANY,Rejection Letter Granted,EC
450,,SIA/WB/MIN/263552/2022,,HIJAL SAND MINE,ASHOK JHA,Pending at PP due to eds,EC
451,,SIA/WB/MIN/263610/2022,,HIJAL SAND MINE,TAPAN MONDAL,Pending at PP due to eds,EC
452,,SIA/WB/MIN/263773/2022,,1.38,PURBATOR SAND MINE OF SHRI SANTOSH KUMAR CHOURASIA,Delisted,EC
453,,SIA/WB/MIN/263779/2022,,HIJAL SAND MINE ON MAYURAKSHI RIVER,TAPAN MONDAL,Pending at PP due to eds,EC
454,,SIA/WB/MIN/263804/2022,,HIJAL SAND MINE,DULAL BISWAS,Pending at PP due to eds,EC
455,,SIA/WB/MIN/263826/2022,,HIZAL THAKURANIR CHAK SAND MINE,SUDIP DEY,Pending at PP due to eds,EC
456,,SIA/WB/MIN/263841/2022,,MADANPUR DAFARPUR SAND MINE,SUDIP DEY,Pending at PP due to eds,EC
457,,SIA/WB/MIN/263884/2022,,HIZAL SAND MINE,TAPAN MONDAL,Pending at PP due to eds,EC
458,,SIA/WB/MIN/264044/2022,EN/T-II-1/054/2023,Kotsimul Sand Mine on Mundeswari River Sudarshan Gupta,SUDARSHAN GUPTA,Rejection Letter Granted,EC
459,,SIA/WB/MIN/264046/2022,,Fulbari sand mine,MUKUNDA BERMAN,Delisted,EC
460,,SIA/WB/MIN/264055/2022,EN/T-II-1/093/2023,JOYHAT SAND MINE,JOYHAT SAND MINE OF MR. ABAIDUR RAHAMAN,Rejection Letter Granted,EC
461,,SIA/WB/MIN/264059/2022,EN/T-II-1/069/2023,Gaitanpur sand mine New Kalimata sand Supply,NEW KALIMATA SAND SUPPLY,Rejection Letter Granted,EC
462,,SIA/WB/MIN/264070/2022,,RAHIGRAM SAND MINE,SUDIP DEY,Pending at PP due to eds,EC
463,,SIA/WB/MIN/264104/2022,,JHULANPUR SAND MINE,ASHOK JHA,Pending at PP due to eds,EC
464,,SIA/WB/MIN/264259/2022,EN/T-II-1/166/2023,SIMASIMI SAND MINE, RSMP PROJECT PRIVATE LIMITED,Rejection Letter Granted,EC
465,,SIA/WB/MIN/264386/2022,,"Excavation of “SAND” on KAROTOWA RIVER for lease area 1.9 Ha (4.6950 Acres) with the total production capacity of Sand- 15200 Cu.M / 536782 Cu.Ft. per annum (1st year) and 12160 Cu.M/ 429426 Cu.Ft. per annum (2nd, 3rd, 4th and 5th year), Mouza– Mehen",MANAB ROY,WithdrawEC,EC
466,,SIA/WB/MIN/264485/2022,EN/T-II-1/106/2023,Illambazar Sand Block BIR/ILLAMBAZAR/SUKDALA/282/2018 of Laltu Dutta.,LALTU DUTTA,Rejection Letter Granted,EC
467,,SIA/WB/MIN/264516/2022,,RASULPUR SAND MINE,DULAL BISWAS,Pending at PP due to eds,EC
468,,SIA/WB/MIN/264557/2022,,GUNDIRIA  SAND MINE,KRISHNA AGARWALA,Pending at PP due to eds,EC
469,,SIA/WB/MIN/264578/2022,,IBRAHIMPUR  SAND MINE,KRISHNA AGARWALA,Pending at PP due to eds,EC
470,,SIA/WB/MIN/264617/2022,EN/T-II-1/103/2023,JADAVPUR SAND MINE,TAPAN MONDAL,Delisted,EC
471,,SIA/WB/MIN/264666/2022,EN/T-II-1/161/2023,Jaganathpur Sand Mine on Kangshabati river,SEKH HOSSAIN,Rejection Letter Granted,EC
472,,SIA/WB/MIN/264675/2022,EN/T-II-1/146/2023,BENDA SAND MINE,BASUDEB PAL,Deferred by SEAC,EC
473,,SIA/WB/MIN/264679/2022,EN/T-II-1/094/2023,River Bed Sand Mining,M/S UTPAL PAUL,Delisted,EC
474,,SIA/WB/MIN/264710/2022,EN/T-II-1/102/2023,LAKKHIKANTAPUR SAND MINE,TAPAN MONDAL,Delisted,EC
475,,SIA/WB/MIN/264740/2022,EN/T-II-1/152/2023,KAPASHTIKRI SAND MINE,PRADYUT GHOSH,Rejection Letter Granted,EC
476,,SIA/WB/MIN/264776/2022,EN/T-II-1/105/2022,Mining of Riverbed Sand and Stone of PRAKASH THAPA,PRAKASH THAPA,Rejection Letter Granted,EC
477,,SIA/WB/MIN/264790/2022,EN/T-II-1/143/2023,KANKI SAND MINE,BANI DE,Rejection Letter Granted,EC
478,,SIA/WB/MIN/264906/2022,EN/T-II-1/144/2023,AMBARI  A,BIDYUT THAKUR,Rejection Letter Granted,EC
479,,SIA/WB/MIN/264952/2022,EN/T-II-1/157/2023,KUNJAPUR SAND MINE,UJJWAL SAMANTA,Delisted,EC
480,,SIA/WB/MIN/264956/2022,,Andaran Panishala Sand MIne,AFIJUL MOHAMMAD,Under examination of SEIAA ,EC
481,,SIA/WB/MIN/264964/2022,EN/T-II-1/159/2023,BELOA SAND MINE,M/S UJJAL KUMAR KHAN,Delisted,EC
482,,SIA/WB/MIN/264996/2022,EN/T-II-1/156/2023,MADAN    PART - III,BIDYUT THAKUR,Rejection Letter Granted,EC
483,,SIA/WB/MIN/265022/2022,EN/T-II-1/150/2023,MM TARAI  ( PART -D ),PREM MAHTO,Rejection Letter Granted,EC
484,,SIA/WB/MIN/265128/2022,EN/T-II-1/155/2023,Phd Tarabanda 354 A,KRISHNA AGARWAL,Request for withdraw,EC
485,,SIA/WB/MIN/265154/2022,EN/T-II-1/164/2023,Phd  BHUSHIVITA  - A,KRISHNA AGARWAL,Request for withdraw,EC
486,,SIA/WB/MIN/265157/2022,,Ghoramara SandMine,TORSA RIVER BED SAND MINE,Delisted,EC
487,,SIA/WB/MIN/265194/2022,,Mining of River Bed Mineral - Sand on Maahananda River,ADYAMAA TRADELINK PVT. LTD.,Delisted,EC
488,,SIA/WB/MIN/265251/2022,EN/T-II-1/153/2023,Rahimanagar Sand Block KHA 1 (ID No. 2018-WB-861) of Fazaruddin Mondal.,FAZARUDDIN MONDAL,Rejection Letter Granted,EC
489,,SIA/WB/MIN/265259/2022,,"Mining of River bed Sand (Mahananda River) of Bidyut Ranjan Thakur, a proprietorship firm has acquired surface rights of land falling within river plot –2194, near Mouza – Barabilla, Village – Barabilla, P.S. – Chopra, Dist. – Uttar Dinajpur, and mea",BIDYUT THAKUR,WithdrawEC,EC
490,,SIA/WB/MIN/265291/2022,EN/T-II-1/118/2023,Bakulia Sand Mine, AMRIT VINTRADE PRIVATE LIMITED,Delisted,EC
491,,SIA/WB/MIN/265306/2022,,CHITALGHATA,KRISHNA AGARWAL,Request for withdraw,EC
492,,SIA/WB/MIN/265310/2022,,Bataliguri Sand Mine,RINA DUTTA,Delisted,EC
493,,SIA/WB/MIN/265318/2022,,Gopiballavpur - II Sand Block MGB - 34 of Animesh Senapati.,ANIMESH SENAPATI,Delisted,EC
494,,SIA/WB/MIN/266280/2022,EN/T-II-1/009/2023,"Excavation of “SAND” on Mahananda river of M/s. Surovi Scrap of Bidyut Ranjan Thakur for lease area 3.8 Hectares / 9.39 Acres with a production capacity of 60000 Cu.m / 2118800C.Ft. (in 1st year) and 48000 Cu.m / 1694880 C.Ft. (in 2nd, 3rd, 4th & 5th",BIDYUT THAKUR,WithdrawEC,EC
495,,SIA/WB/MIN/266360/2022,,"Mining of River bed Sand (Mahananda River) of M/s Surovi Scrap of Mr. Bidyut Ranjan Thakur, River plot –2194, near Mouza -Barabilla, J.L. No.: 9, Village - Barabilla, P. S – Chopra, Block: Rajganj, Dist. – Uttar Dinajpur, State: West Bengal, (Area – ",BIDYUT THAKUR,WithdrawEC,EC
496,,SIA/WB/MIN/273925/2022,EN/T-II-1/010/2023,NIMAI SAND BLOCK SIL8,SANTOSH SINGH,Rejection Letter Granted,EC
497,,SIA/WB/MIN/273980/2022,,SHIVALAYA ENTERPRISES,SANJOY SINGH,Pending at PP due to eds,EC
498,,SIA/WB/MIN/274629/2022,EN/T-II-1/016/2023,Krishnadebpur Sand Mine Basiruddin Seikh,BASIRUDDIN SEIKH,Rejection Letter Granted,EC
499,,SIA/WB/MIN/275014/2022,,Environmental clearance for proposed river bed sand mining having lease area 1.25 Ha of Katigram Sand Block on Dwarka river., GEE DEE MINING PRIVATE LIMITED,Delisted,EC
500,,SIA/WB/MIN/36193/2019,,"Siali Sand Ghat on Damodar River in vill Siali, Paschim Bardhman, West Bengala",GOUTAM JANA,Pending at PP due to eds,EC
501,,SIA/WB/MIN/36472/2019,,"Purusurah Sand Ghat over an area of 3.73 Ha in vill. Soaluk, P.S. Pursurah,Dist: Hooghly, West Bengal",NIRMALA BAIRI,Pending at PP due to eds,EC
502,,SIA/WB/MIN/44017/2019,,Baguli Stone Mine,CHINMOY MONDAL,WithdrawEC,EC
503,,SIA/WB/MIN/69175/2021,,River Bed Sand Mining project,M/S CHARUKANA PAUL,Delisted,EC
504,,SIA/WB/MIS/102230/2019,EN/T-II-1/030/2019,"Housing Complex - 'The Khaki Estate""","INDIAN POLICE SERVICE OFFICERS WELFARE SOCIETY, WEST BENGAL",EC Granted,EC
505,,SIA/WB/MIS/102559/2019,EN/T-II-1/035/2019,The Reserve,TIVOLI PARK APARTMENTS PVT LTD,EC Granted,EC
506,,SIA/WB/MIS/102904/2019,EN/T-II-1/043/2019,RESIDENTIAL COMPLEX,MAGNOLIA INFRASTRUCTURE DEVELOPMENT LIMITED,Delisted,EC
507,,SIA/WB/MIS/103146/2019,EN/T-II-1/037/2019,‘THE 102’ (Proposed B+G+15 Storied Housing Complex),PS VINAYAK COMPLEX LLP,Delisted,EC
508,,SIA/WB/MIS/103207/2019,,GARMENT STITCHING AND MARKETING UNIT,ALOK NIWAS PRIVATE LIMITED,Delisted,EC
509,,SIA/WB/MIS/103968/2019,,Merlin Urvan,MERLIN PROJECTS LTD.,Delisted,EC
510,,SIA/WB/MIS/104002/2019,EN/T-II-1/050/2019,Flipkart Big Box,INSTA KART SERVICES PVT LTD (A FLIPKART GROUP COMPANY),Delisted,EC
511,,SIA/WB/MIS/104276/2019,EN/T-II-1/055/2019,Housing Complex,SWADESHI PESTICIDES PROP.: THERMOFRIZ INSULATIONS LIMITED,Delisted,EC
512,,SIA/WB/MIS/104318/2019,EN/T-II-1/044/2019,Residential Complex,ASIATIC BOARD MILLS PVT. LTD.,WithdrawEC,EC
513,,SIA/WB/MIS/104978/2019,EN/T-II-1/067/2019,“INFOSYS” - IT / ITES building along with M.L.C.P. building and service block,INFOSYS LTD,EC Granted,EC
514,,SIA/WB/MIS/105360/2019,EN/T-II-1/053/2019,MODIFICATION AND EXPANSION OF RESIDENTIAL COMPLEX,DISPLAY VINIMAY PRIVATE LIMITED,WithdrawEC,EC
515,,SIA/WB/MIS/105375/2019,EN/T-II-1/061/2019,Residential Complex,PALMVIEW PROMOTERS PRIVATE LIMITED & 37 OTHERS,Delisted,EC
516,,SIA/WB/MIS/105457/2019,EN/T-II-1/046/2019,PS OBSCURA,BENGAL JUNEJA LEATHER COMPLEX LTD,Delisted,EC
517,,SIA/WB/MIS/105643/2019,EN/T-II-1/047/2019,IDEAL UNIQUE  CENTRE,IDEAL UNIQUE REALTORS PVT LTD,EC Granted,EC
518,,SIA/WB/MIS/107017/2019,EN/T-II-1/062/2019,UPABAN,RAGHABPUR PROJECTS LLP,EC Granted,EC
519,,SIA/WB/MIS/107866/2019,EN/T-II-1/069/2019,Commercial Building for Trading (Business) and other Allied purposes,SRPM HAAT LLP,WithdrawEC,EC
520,,SIA/WB/MIS/109212/2019,EN/T-II-1/097/2018,PS Magnum,PS MAGNUM,EC Granted,EC
521,,SIA/WB/MIS/109511/2019,EN/T-II-1/064/2019,Residential Complex,A & J MAIN & CO (ENGINEERS) PVT. LTD.,EC Granted,EC
522,,SIA/WB/MIS/110347/2019,EN/T-II-1/074/2019,Proposed Shopping and Entertainment Complex for Chandras’ Green Project Limited.,M/S CHANDRAS’ GREEN PROJECT LIMITED,Delisted,EC
523,,SIA/WB/MIS/111590/2019,EN/T-II-1/063/2019,Residential Complex,ASIATIC BOARD MILLS PVT. LTD.,EC Granted,EC
524,,SIA/WB/MIS/116328/2019,EN/T-II-1/070/2019,PS GARMENT TRADE PARK,HOWRAH HAAT DEVELOPERS PVT. LTD. & RAJESHWARI ENCLAVE PVT. LTD.,EC Granted,EC
525,,SIA/WB/MIS/117505/2019,EN/T-II-1/164/2021,Peerless Hospitex Hospital & Research Center,PEERLESS HOSPITEX HOSPITAL AND RESEARCH CENTER LIMITED,EC Granted,EC
526,,SIA/WB/MIS/120061/2019,EN/T-II-1/047/2018,Residential Complex by Brisk Sales Pvt. Ltd. & Others,BRISK SALES PRIVATE LIMITED AND OTHERS,Delisted,EC
527,,SIA/WB/MIS/125827/2019,,Residential Complex “Merlin Elements”,MERLIN GANGES PROJECTS,Delisted,EC
528,,SIA/WB/MIS/126176/2019,,Housing Complex,M/S. FORT BUILDERS,Delisted,EC
529,,SIA/WB/MIS/127579/2019,,Information Technology Office Building,DELTA PV PRIVATE LIMITED,WithdrawEC,EC
530,,SIA/WB/MIS/129378/2019,EN/T-II-1/082/2019,223C Maniktala Main Road,SHREE KRISHNA REALCON,WithdrawEC,EC
531,,SIA/WB/MIS/130506/2019,EN/T-II-1/011/2020,Commercial Cum Office Complex Of LICI,M/S. LIFE INSURANCE CORPORATION OF INDIA,Delisted,EC
532,,SIA/WB/MIS/131041/2019,EN/T-II-1/083/2019,RESIDENTIAL PROJECT,SMART VANIJYA PRIVATE LIMITED,Rejection Letter Granted,EC
533,,SIA/WB/MIS/133120/2019,EN/T-II-1/01/2020,IABA EWS Housing,IABA HOUSING PRIVATE LIMITED,WithdrawEC,EC
534,,SIA/WB/MIS/133862/2019,,Proposed Tamluk Medical College on the premises of Purba Medinipur District Hospital at Tamralipta Municipality,PURBA MEDINIPUR DISTRICT HOSPITAL,Delisted,EC
535,,SIA/WB/MIS/134245/2019,EN/T-II-1/046/2021,EXPANSION OF RESIDENTIAL PROJECT,AKSHAY VINIMAY LLP,EC Granted,EC
536,,SIA/WB/MIS/134409/2019,,RESIDENTIAL PROJECT,BUILDWORTH DEVELOPERS,Delisted,EC
537,,SIA/WB/MIS/136445/2020,EN/T-II-1/065/2019,Expansion of “Residential Cum SME Complex” (Non-Polluting SME’s),MAHAKOSH PROPERTY DEVELOPERS,EC Granted,EC
538,,SIA/WB/MIS/139925/2020,,Atmosphere,FORUM PROJECTS PVT. LTD.,WithdrawEC,EC
539,,SIA/WB/MIS/143144/2020,,Commercial Complex by Super Diamond Enterprises,SUPER DIAMOND ENTERPRISES,WithdrawEC,EC
540,,SIA/WB/MIS/143235/2020,,Super Diamond Enterprises,SUPER DIAMOND ENTERPRISES,WithdrawEC,EC
541,,SIA/WB/MIS/143877/2020,EN/T-II-1/012/2020,EXPANSION OF RESIDENTIAL COMPLEX,PGE INFOSOLUTIONS PRIVATE LIMITED AND OTHERS,EC Granted,EC
542,,SIA/WB/MIS/145873/2020,,Expansion of “JAGANNATH GUPTA INSTITUTE OF MEDICAL SCIENCES & HOSPITAL” – (A unit of Urmila Devi Jagannath Gupta Charitable Trust) from 350 Beds to 750 Beds,JAGANNATH GUPTA INSTITUTE OF MEDICAL SCIENCES AND HOSPITAL A UNIT OF URMILA DEVI JAGANNATH GUPTA CHARITABLE TRUST,WithdrawEC,EC
543,,SIA/WB/MIS/145874/2020,,Expansion of “JAGANNATH GUPTA INSTITUTE OF MEDICAL SCIENCES & HOSPITAL” – (A unit of Urmila Devi Jagannath Gupta Charitable Trust) from 350 Beds to 750 Beds,JAGANNATH GUPTA INSTITUTE OF MEDICAL SCIENCES AND HOSPITAL A UNIT OF URMILA DEVI JAGANNATH GUPTA CHARITABLE TRUST,WithdrawEC,EC
544,,SIA/WB/MIS/150174/2020,,Development of Sri Chaitanya Chandrodaya Mandir,ISKCON INTERNATIONAL SOCIETY FOR KRISHNA CONSCIOUSNESS,WithdrawEC,EC
545,,SIA/WB/MIS/151481/2020,,"Township project “Ankur” At Mouza – Nutanbankati, J.L. No. 446, Gaighata – 445, Jamberia – 445, Kulpheni – 456, P.S. – Salbani, P.O. - Saidpur, District – PaschimMedinipur, West Bengal",JSW BENGAL STEEL LIMITED,WithdrawEC,EC
546,,SIA/WB/MIS/153699/2020,,Proposed Institutional Project Biswa Bangla BiswaBidyalaya,DEPARTMENT OF HIGHER EDUCATION SCIENCE TECHNOLOGY AND BIO-TECHNOLOGY,Delisted,EC
547,,SIA/WB/MIS/162734/2020,,Flipkart Big Box,INSTA KART SERVICES PVT LTD (A FLIPKART GROUP COMPANY),Delisted,EC
548,,SIA/WB/MIS/164673/2020,,hgff,SUPER DIAMOND ENTERPRISES,WithdrawEC,EC
549,,SIA/WB/MIS/165517/2020,,Modification and Expansion of Residential Complex,NAVIN SPACE HOUSING LLP,WithdrawEC,EC
550,,SIA/WB/MIS/165818/2020,,"ESR Uluberia Logistics Park (A Warehouse Complex) 1,42,287.47 m2 (35.16 Acres) located at Plot Nos. J.L. No. 09, Mouza, Chandipur and J.L. No. 55, Mouza Harinarayanchak and J.L. No. 8, Ambraberia, P.S. Uluberia, District Howrah, Kolkata",ESR WAREHOUSING PVT. LTD.,Delisted,EC
551,,SIA/WB/MIS/167061/2020,EN/T-II-I/056/2018,Super Diamond Enterprises,SUPER DIAMOND ENTERPRISES,EC Granted,EC
552,,SIA/WB/MIS/168212/2020,EN/T-II-1/053/2016,M/s SRINIVAAS INFRA DEVELOERS PVT. LTD.,SRINIVAAS INFRA DEVELOPERS.PVT. LTD.,EC Granted,EC
553,,SIA/WB/MIS/177432/2020,EN/T-II-1/074/2020,Residential Complex,HAPPY NIKETAN PRIVATE LIMITED,EC Granted,EC
554,,SIA/WB/MIS/180008/2020,EN/T-II-1/062/2020,"CGEWHO Housing Project, Kolkata","CENTRAL GOVERNMENT EMPLOYEES WELFARE HOUSING ORGANISATION, KOLKATA PHASE III",Delisted,EC
555,,SIA/WB/MIS/180865/2020,EN/T-II-1/063/2020,The 102,PS VINAYAK COMPLEX LLP,Delisted,EC
556,,SIA/WB/MIS/182182/2020,EN/T-II-1/004/2021,"Modification & Expansion of Residential Complex,",DISPLAY VINIMAY PRIVATE LIMITED,EC Granted,EC
557,,SIA/WB/MIS/182626/2020,EN/T-II-1/053/2020,MODIFICATION & EXPANSION OF RESIDENTIAL PROJECT,TAPAS MITRA & OTHERS,WithdrawEC,EC
558,,SIA/WB/MIS/183102/2020,EN/T-II-1/073/2020,Commercial Building for Trading (Business) and other Allied Purposes,SRPM HAAT LLP,EC Granted,EC
559,,SIA/WB/MIS/183373/2020,EN/T-II-1/089/2018,Genexx Exotica,PAHARPUR ASANSOL PROPERTIES PVT LTD,ADS by SEIAA,EC
560,,SIA/WB/MIS/186026/2020,EN/T-II-1/079/2018,Parvati Garden,SURADHANI CHEMICALS AND BOARD MFG CO PVT LTD AND OTHERS,Delisted,EC
561,,SIA/WB/MIS/187248/2020,EN/T-II-1/096/2021,"Residential Complex ""Urvan""",MERLIN PROJECTS LTD.,EC Granted,EC
562,,SIA/WB/MIS/191693/2021,EN/T-II-1/048/2021,Residential Complex,WINSHER TIE-UP PVT. LTD.,Delisted,EC
563,,SIA/WB/MIS/195897/2021,EN/T-II-1/047/2021,"Affordable housing at Aerotropolis Township, Andal Mouza, Andal Taluka, District Paschim Bardhaman, West Bengal, India",IABA HOUSING PRIVATE LIMITED,EC Granted,EC
564,,SIA/WB/MIS/202874/2021,EN/T-II-1/075/2021,Information Technology Office Building,DELTA PV PRIVATE LIMITED,EC Granted,EC
565,,SIA/WB/MIS/202885/2021,EN/T-II-1/076/2021,Residential Complex,KYAL DEVELOPERS PVT. LTD.,EC Granted,EC
566,,SIA/WB/MIS/204112/2021,EN/T-II-1/041/2018,"Construction of Hospital Building of Gouri Devi Institute of Medical Science and Hospital (GIMSH) at Amlajora Panchayat, Kanksa Block, Paschim Bardhaman District",GIMSH,EC Granted,EC
567,,SIA/WB/MIS/210406/2021,EN/T-II-1/113/2021,Housing Complex,MERLIN PROJECTS LTD.,EC Granted,EC
568,,SIA/WB/MIS/210737/2019,EN/T-II-1/028/2019,Sugam Park,SUGAM PARK (AOP),Delisted,EC
569,,SIA/WB/MIS/210967/2021,EN/T-II-1/111/2021,Proposed Residential Complex by Berlia Developers,BERLIA DEVELOPERS,EC Granted,EC
570,,SIA/WB/MIS/212485/2021,EN/T-II-1/145/2021,Housing Complex,MAGNOLIA INFRASTRUCTURE DEVELOPMENT LTD.,EC Granted,EC
571,,SIA/WB/MIS/220603/2021,EN/T-II-1/138/2021,Affordable Housing Complex under Pradhan Mantri Awas Yojana,IDEAL RIVERVIEW PROJECTS PVT. LTD.,EC Granted,EC
572,,SIA/WB/MIS/220651/2021,EN/T-II-1/131/2021,IT/ITES Building,MERLIN PROJECTS LIMITED,EC Granted,EC
573,,SIA/WB/MIS/223396/2021,EN/T-II-1/050/2018,Urbana,M/S. BENGAL NRI COMPLEX LTD.,EC Granted,EC
574,,SIA/WB/MIS/226336/2021,EN/T-II-1/144/2021,Residential Complex,ALOM EXTRUSIONS LTD,EC Granted,EC
575,,SIA/WB/MIS/228608/2021,EN/T-II-1/140/2021,"Proposed Vertical Expansion of Narayana Superspeciality Hospital from G+4 floors to G+8 floors at 120/1 Andul Road, Howrah – 711103",NARAYANA SUPERSPECIALITY HOSPITAL (UNIT OF NARAYANA HEALTH),EC Granted,EC
576,,SIA/WB/MIS/229498/2021,EN/T-II-1/143/2021,Expansion of Residential Development by Amitis Developers LLP,AMITIS DEVELOPERS LLP,EC Granted,EC
577,,SIA/WB/MIS/233582/2021,EN/T-II-1/166/2021,Housing Complex,SRIJAN RESIDENCY LLP,EC Granted,EC
578,,SIA/WB/MIS/235217/2021,EN/T-II-1/165/2021,Affordable Housing Complex,EDEN REALTY VENTURES PVT. LTD.,EC Granted,EC
579,,SIA/WB/MIS/237284/2021,EN/T-II-1/050/2022,"Proposed Residential Complex by M/s Rishinox Buildwell LLP, at Kalikapur, Rajarhat, Kolkata - 700135, 24 Pgs.(North)",RISHINOX BUILDWELL LLP,WithdrawEC,EC
580,,SIA/WB/MIS/237593/2021,EN/T-II-1/161/2021,"Environmental Clearance for Proposed Affordable Housing by WBHIDCO at Plot No-IIC/BLK-14, 15, 16 & 17, Action Area-IIC, P.S.- Eco Park, Newtown, Kolkata-700161",WBHIDCO,Delisted,EC
581,,SIA/WB/MIS/240390/2021,,Redevelopment of 21 Residential Quarters by SAIL-ISP,INDIAN IRON & STEEL COMPANY (IISCO),Delisted,EC
582,,SIA/WB/MIS/240409/2021,EN/T-II-1/392/2023,Redevelopment of 180 Residential Quarters (96 no. existing & 84 no. proposed) by SAIL-ISP,INDIAN IRON & STEEL COMPANY (IISCO),Rejection Letter Granted,EC
583,,SIA/WB/MIS/241972/2021,EN/T-II-1/053/2022,Residential Complex,CITY DEVELOPERS,Rejection Letter Granted,EC
584,,SIA/WB/MIS/248165/2021,EN/T-II-1/005/2022,Expansion of Residential Complex - “Tolly Towers”,MANI TIRUMALA PROJECTS PVT LTD,EC Granted,EC
585,,SIA/WB/MIS/248976/2021,EN/T-II-1/006/2022,Affordable Housing Complex,IABA HOUSING PVT. LTD.,EC Granted,EC
586,,SIA/WB/MIS/250583/2022,EN/T-II-1/004/2022,Residential cum Commercial Complex,R.P. WAREHOUSE & TEA INDUSTRIES LTD.,Delisted,EC
587,,SIA/WB/MIS/250876/2022,EN/T-II-1/016/2022,Residential Project,MERLIN  PROJECTS  LIMITED,EC Granted,EC
588,,SIA/WB/MIS/250976/2022,EN/T-II-1/003/2022,Housing Complex,USHA PROJECTS PVT. LTD.,EC Granted,EC
589,,SIA/WB/MIS/254728/2022,EN/T-II-1/007/2022,Residential Complex by Indian Craft Village Trust., INDIAN CRAFT VILLAGE TRUST,EC Granted,EC
590,,SIA/WB/MIS/256086/2022,,Residential Complex, NEW AGE NIRMAN LLP,WithdrawEC,EC
591,,SIA/WB/MIS/257178/2022,EN/T-II-1/008/2022,Residential cum Commercial Complex, SHREE VINAYAK CONSTRUCTIONS,Request for withdraw,EC
592,,SIA/WB/MIS/258125/2022,EN/T-II-1/009/2022,Residential Cum Commercial Complex,BIJAY AGARWAL,Delisted,EC
593,,SIA/WB/MIS/258304/2022,EN/T-II-1/015/2022,EXPANSION OF RESIDENTIAL COMPLEX BY KOLKATA HEIGHTS PVT. LTD., KOLKATA HEIGHTS PRIVATE LIMITED,EC Granted,EC
594,,SIA/WB/MIS/261262/2022,EN/T-II-1/022/2022,Residential cum Commercial Complex, REALM CONSTRUCTION,WithdrawEC,EC
595,,SIA/WB/MIS/264277/2022,EN/T-II-1/030/2018,SANKALPA SITE II, WEST BENGAL INFRASTRUCTURE DEVELOPMENT FINANCE CORPORATION LIMITED,Deferred by SEIAA,EC
596,,SIA/WB/MIS/267917/2022,EN/T-II-1/026/2022,Business Building,NXTRA DATA LIMITED,EC Granted,EC
597,,SIA/WB/MIS/270832/2022,EN/T-II-1/031/2022,Mercantile Retail Assembly Business and MLCP Building, MINDSTONE MALL DEVELOPERS PRIVATE LIMITED,EC Granted,EC
598,,SIA/WB/MIS/277567/2022,EN/T-II-1/042/2019,Town House,M/S  BENGAL SHRISTI INFRASTRUCTURE DEVELOPMENT LTD,Delisted,EC
599,,SIA/WB/MIS/278923/2022,EN/T-II-1/041/2019,Tarang Residential Complex,M/S  BENGAL SHRISTI INFRASTRUCTURE DEVELOPMENT LTD,Delisted,EC
600,,SIA/WB/MIS/32221/2017,SIA/WB/MIS/32221/2017(EC),Expansion of Residential Complex,ARMY WELFARE HOUSING ORGANIZATION,EC Granted,EC
601,,SIA/WB/MIS/34062/2017,EN/T-II-1/042/2018,"Obtaining Environmental Clearance for “BISWA BANGLA CONVENTION CENTRE” at  Plot No. DG/02/1, DG Block, New Town, Kolkata - 700157",WEST BENGAL HIDCO,EC Granted - Processed offline,EC
602,,SIA/WB/MIS/34385/2016,,THE 102’ (Proposed B+G+15 Storied Housing Complex),PS VINAYAK COMPLEX LLP,Pending at PP due to eds,EC
603,,SIA/WB/MIS/34591/2019,EN/T-II-1/009/2019,Residential Complex,HAPPY NIKETAN PVT LTD,EC Granted,EC
604,,SIA/WB/MIS/34995/2018,EN/T-II-1/80/2018,Southcity,SOUTH CITY PROJECTS (KOLKATA) LTD.,EC Granted,EC
605,,SIA/WB/MIS/35074/2018,EN/T-II-1/64/2018,Rameswara Waterview,KHETAWAT TOWERS LLP,EC Granted,EC
606,,SIA/WB/MIS/35854/2019,EN/T-II-1/024/2019,Residential Complex,MERLIN PROJECTS LIMITED,EC Granted,EC
607,,SIA/WB/MIS/36396/2018,EN/T-II-1//052/2018,Proposed Two New CETP Modules in Calcutta Leather Complex,DEPARTMENT OF MSME & TEXTILES,EC Granted,EC
608,,SIA/WB/MIS/37098/2018,EN/T-II-1/086/2018,Sunrise Greens,BENGAL PARK CHAMBERS HOUSING DEVELOPMENT LIMITED,ADS by SEAC,EC
609,,SIA/WB/MIS/37316/2018,EN/T-II-1/029/2018,SANKALPA - I,WEST BENGAL INFRASTRUCTURE DEVELOPMENT FINANCE CORPORATION LIMITED,EC Granted - Processed offline,EC
610,,SIA/WB/MIS/39137/2019,EN/T-II-1/001/2019,Residential Complex Kendriya Vihar,SYLVAN ESTATE DEVELOPERS,EC Granted,EC
611,,SIA/WB/MIS/40234/2018,EN/T-II-1/051/2018,"Proposed Secured Landfill facility  Calcutta Leather Complex, Bantala, Village-Tardaha Kapasati, District- South 24 Parganas, State-West Bengal.",MICRO SMALL AND MEDIUM ENTERPRISE & TEXTILES,EC Granted,EC
612,,SIA/WB/MIS/43040/2006,EN/T-II-1/023/2019,"Expansion of “KPC MEDICAL COLLEGE AND HOSPITAL” at 1F, Raja S.C. Mullick Road, P.O. & P.S. - Jadavpur, Kolkata – 700032, West Bengal",KPC MEDICAL COLLEGE AND HOSPITAL SOCIETY,Delisted,EC
613,,SIA/WB/MIS/44974/2018,EN/T-II-1/025/2018,"Dong Fang Electric (India) Private Limited” at New Town, Rajarhat, Kolkata.",DONG FANG ELECTRIC (INDIA) PRIVATE LIMITED,EC Granted,EC
614,,SIA/WB/MIS/46408/2019,EN/T-II-1/049/2019,Southwinds,SOUTHWINDS PROJECT LLP,EC Granted,EC
615,,SIA/WB/MIS/46437/2009,EN/T-II-1/073/2019,"Proposed expansion of TCS Gitanjali Park, Major Arterial Road, Action Area II, New Town, Kolkata",TATA CONSULTANCY SERVICES,EC Granted,EC
616,,SIA/WB/MIS/46918/2019,EN/T-II-1/066/2019,ONE-10,LAKSHMI GROUP REALTY (P) LTD. & ORS,WithdrawEC,EC
617,,SIA/WB/MIS/47419/2019,EN/T-II-1/045/2019,IDEAL AQUAVIEW,AQUAVIEW PROJECTS PVT.  LTD.,WithdrawEC,EC
618,,SIA/WB/MIS/47616/2019,EN/T-II-1/006/2020,"Expansion of Existing Common Bio-Medical Waste Treatment Facility at 41, F-Road, Belgachia, Liluah P.S., Howrah P.O. & District, West Bengal.",MEDICARE ENVIRONMENTAL MANAGEMENT PVT. LTD.,Rejection Letter Granted,EC
619,,SIA/WB/MIS/47884/2018,EN/T-II-1/039/2018,Shilpakanan Housing Board,SHILPAKANAN HOUSING PROJECT OF WEST BENGAL HOUSING BOARD,WithdrawEC,EC
620,,SIA/WB/MIS/48035/2019,EN/T-II-1/005/2020,"Expansion of Existing Common Bio-Medical Waste Treatment Facility at Mouza Mangalpur, Touzi No. 19, Manbhum, Dag No. 457(P), 458(P), JL No. 22, Ranigunj P.O. & P.S., Paschim Bardhaman District.",MEDICARE ENVIRONMENTAL MANAGEMENT PVT. LTD.,Delisted,EC
621,,SIA/WB/MIS/48330/2018,,Shilpakanan Housing Project,SHILPAKANAN HOUSING PROJECT OF WEST BENGAL HOUSING BOARD,Delisted,EC
622,,SIA/WB/MIS/49324/2017,EN/T-II-1/088/2018,"Proposed Multistoried (G+10) Housing Complex For “Akanksha” at Plot No.- DB-2, Premises no.-07-0300, In Action Area- ID, New Town, Rajar Hat, Kolkata by Govt. of West Bengal, Office of the Executive E",GOVERNMENT OF WEST BENGAL OFFICE OF THE EXECUTIVE ENGINEER NEW TOWN CONSTRUCTION DIVISION II HOUSING DIRECTORATE,EC Granted,EC
623,,SIA/WB/MIS/49651/2019,EN/T-II-1/029/2019,Fortis Hospital,INTERNATIONAL HOSPITAL LIMITED,EC Granted,EC
624,,SIA/WB/MIS/50005/2018,EN/T-II-1/085/2018,Rosedale Garden - Housing Complex,ROSEDALE DEVELOPERS PVT LTD,Delisted,EC
625,,SIA/WB/MIS/50515/2018,EN/T-II-1/090/2018,Diamond City North,M/S ALCOVE CONSTRUCTION PVT. LTD. & OTHERS,Delisted,EC
626,,SIA/WB/MIS/50615/2020,,Genexx Square,HASTERA CREDIT PRIVATE LTD.,WithdrawEC,EC
627,,SIA/WB/MIS/50946/2018,EN/T-II-1/103/2018,Synthesis Business Park,BENGAL SHRACHI HOUSING DEVELOPMENT CO LTD,ADS by SEAC,EC
628,,SIA/WB/MIS/51512/2018,,Elita Garden Vista,ELITA GARDEN VISTA PROJECT PVT LTD,Delisted,EC
629,,SIA/WB/MIS/51607/2019,EN/T-II-1/048/2019,Merlin Uttara,MERLIN PROJECTS LIMITED,Delisted,EC
630,,SIA/WB/MIS/52176/2018,,M/s. RVD Waste Tech Private Limited (RVDWTPL),M/S. RVD WASTE TECH PVT. LTD.,Pending at PP due to eds,EC
631,,SIA/WB/MIS/52197/2018,EN/T-II-1/107/2018,M/s. RVD Waste Tech Private Limited,M/S. RVD WASTE TECH PVT. LTD.,EC Granted,EC
632,,SIA/WB/MIS/53963/2013,EN/T-II-1/015/2013,Genexx Square,HASTERA CREDIT PRIVATE LTD.,EC Granted,EC
633,,SIA/WB/MIS/54310/2019,EN/T-II-1/050/2017,Expansion of “JAGANNATH GUPTA INSTITUTE OF MEDICAL SCIENCES & HOSPITAL” – (A unit of Urmila Devi Jagannath Gupta Charitable Trust) from 350 Beds to 750 Beds,JAGANNATH GUPTA INSTITUTE OF MEDICAL SCIENCES AND HOSPITAL A UNIT OF URMILA DEVI JAGANNATH GUPTA CHARITABLE TRUST,EC Granted,EC
634,,SIA/WB/MIS/54814/2018,EN/T-II-1/045/2018,Sri Chaitanya Chandrodaya Mandir and Indian Educational and Cultural Centre,ISKCON INTERNATIONAL SOCIETY FOR KRISHNA CONSCIOUSNESS,EC Granted,EC
635,,SIA/WB/MIS/55424/2020,EN/T-II-1/018/2020,Common Bio Medical Waste Treatment Facility proposed by M/S SNG Envirosolutions Private Limited,M/S SNG ENVIROSOLUTIONS PRIVATE LIMITED,WithdrawEC,EC
636,,SIA/WB/MIS/55503/2019,EN/T-II-1/004/2019,Expansion of Residential Complex by Ganesh Tracom Pvt. Ltd. & Others,GANESH TRACOM PVT LTD AND OTHERS,EC Granted,EC
637,,SIA/WB/MIS/59721/2020,EN/T-II-1/007/2008,Expansion of Shopping Mall by CESC Limited,CESC LIMITED,EC Granted,EC
638,,SIA/WB/MIS/60250/2018,,RESIDENTIAL COMPLEX,BENGAL DCL HOUSING DEVELOPMENT COMPANY LIMITED,Pending at PP due to eds,EC
639,,SIA/WB/MIS/61427/2005,,"Proposed Expansion of “UNIWORLD CITY” at Plot No. IIIB/2, Premises No. 52 3333 MAR, Rajarhat, New Town, Kolkata, West Bengal",BENGAL UNITECH UNIVERSAL INFRASTRUCTURE PVT. LTD.,Delisted,EC
640,,SIA/WB/MIS/65723/2019,,"Proposed Expansion of  Tata Consultancy Services Limited, New Town, Rajarhat, Kolkata",TATA CONSULTANCY SERVICES,WithdrawEC,EC
641,,SIA/WB/MIS/70062/2019,EN/T-II-1/047/2015,Residential Complex by Devaloke Developers Ltd.,DEVALOKE DEVELOPERS LIMITED,EC Granted,EC
642,,SIA/WB/MIS/70155/2020,EN/T-II-1/019/2020,"MASS HOUSING PROJECT ""SHUKHOBRISHTI""",BENGAL SHAPOORJI HOUSING DEVELOPMENT PRIVATE LIMITED,EC Granted,EC
643,,SIA/WB/NCP/63326/2019,EN/T-II-1/056/2019,Proposed Common Biomedical Waste Treatment Facility  (CBWTF),GREENTECH ENVIRON MANAGEMENT PVT LTD,EC Granted,EC
644,,SIA/WB/NCP/67068/2019,EN/T-II-1/051/2019,"Setting up a Common Bio-Medical Waste Treatment and Disposal Facility (CBWTF) by M/s. RVD Waste Tech Pvt. Ltd. (RVDWTPL) at Plot No. L.R. 184 & R.S. 141, Mouza: Rahimpur, P.S: Gazole, District: Malda, West Bengal.",M/S. RVD WASTE TECH PVT. LTD.,EC Granted,EC
645,,SIA/WB/NCP/71257/2017,,South City Retreat,BASERA LAND PVT LTD AND FOUR OTHERS,Delisted,EC
646,,SIA/WB/NCP/78706/2021,EN/T-II-1/162/2021,EXPANSION OF CALCUTTA LEATHER COMPLEX (CLC),KOLKATA METROPOLITAN DEVELOPMENT AUTHORITY,EC Granted,EC
